I032B4210,,YES,23660138506,272646,1827,2015-01-28 19:11:17.000000,2
I032B4210,,YES,34235126488,273107,2003,2015-01-29 19:12:17.000000,3
I032B4210,,YES,28175167970,273519,1938,2015-01-30 19:01:59.000000,2
I032B4210,,YES,27204909925,272327,2012,2015-01-27 19:00:57.000000,2
I032B4210,,YES,22594021575,273515,1843,2015-01-25 19:12:45.000000,2
I032B4210,,YES,27703571454,271836,1848,2015-01-26 19:09:35.000000,2
I032B4210,,YES,23044306846,273099,1905,2015-01-10 19:08:24.000000,4
I032B4210,,YES,23142545059,273277,1879,2015-01-24 19:14:14.000000,1
I032B4210,,YES,28096570776,272986,1978,2015-01-23 19:08:24.000000,3
I032B4210,,YES,29194880396,272547,1905,2015-01-22 19:01:32.000000,3
I032B4210,,YES,27430437057,272153,1967,2015-01-21 19:07:12.000000,1
I032B4210,,YES,29753781225,273490,1903,2015-01-20 19:10:21.000000,3
I032B4210,,YES,22105595364,274548,1911,2015-01-18 19:05:50.000000,1
I032B4210,,YES,23227097006,273808,1849,2015-01-31 19:00:18.000000,2
I032B4210,,YES,27546334530,273147,2022,2015-01-19 19:07:40.000000,1
I032B4210,,YES,24211611057,274121,1954,2015-01-17 19:08:58.000000,4
I032B4210,,YES,26915435618,273684,1895,2015-01-16 19:10:48.000000,2
I032B4210,,YES,27575927057,273401,2394,2015-01-15 19:01:06.000000,1
I032B4210,,YES,29072110100,272594,1890,2015-01-14 19:03:46.000000,4
I032B4210,,YES,27570140375,272187,1920,2015-01-13 19:18:25.000000,2
I032B4210,,YES,29489103447,271803,1865,2015-01-12 19:00:14.000000,4
I032B4210,,YES,22833696275,272755,2005,2015-01-09 19:07:51.000000,3
I032B4210,,YES,21861319190,272380,2644,2015-01-08 19:07:41.000000,1
I032B4210,,YES,21629676702,271536,2205,2015-01-07 19:03:01.000000,1
I032B4210,,YES,22006463701,273380,1851,2015-01-11 19:13:44.000000,1
I032B4210,,YES,28490907511,272194,1938,2015-02-02 19:15:09.000000,4
I032B4210,,YES,14816954907,274129,1889,2015-02-01 19:13:29.000000,0
I032B4210,,YES,29401778918,272709,2016,2015-02-03 19:06:30.000000,4
I032B4210,,YES,29374369352,273002,1846,2015-02-04 19:10:00.000000,3
I032B4210,,YES,22336847102,273302,1899,2015-02-05 19:04:50.000000,1
S032B4210,,YES,124308523454,297777,3003,2015-01-28 19:09:56.000000,2
S032B4210,,YES,78686115926,300331,3059,2015-01-29 19:09:27.000000,2
S032B4210,,YES,32416264042,302703,2886,2015-01-30 19:04:58.000000,3
S032B4210,,YES,80252876194,295281,3129,2015-01-27 19:08:04.000000,2
S032B4210,,YES,78275473418,306267,2702,2015-01-25 19:10:03.000000,1
S032B4210,,YES,78201698278,292651,3028,2015-01-26 19:10:03.000000,0
S032B4210,,YES,99009821649,295566,2600,2015-01-10 19:07:14.000000,151
S032B4210,,YES,31778721675,304042,2672,2015-01-24 19:07:02.000000,2
S032B4210,,YES,77983570441,301873,8508,2015-01-23 19:12:31.000000,0
S032B4210,,YES,32357105970,293851,3016,2015-01-22 19:03:10.000000,1
S032B4210,,YES,77752210698,291342,3002,2015-01-21 19:08:50.000000,2
S032B4210,,YES,122976403366,288670,3089,2015-01-20 19:11:38.000000,1
S032B4210,,YES,52623316662,299386,2623,2015-01-18 19:01:57.000000,0
S032B4210,,YES,79874105906,305021,2839,2015-01-31 19:12:28.000000,2
S032B4210,,YES,31779420011,286322,2878,2015-01-19 19:06:18.000000,185
S032B4210,,YES,101135705003,297202,2695,2015-01-17 19:01:34.000000,2
S032B4210,,YES,30155248261,295057,2922,2015-01-16 19:04:34.000000,1
S032B4210,,YES,100118955412,292612,3038,2015-01-15 19:01:02.000000,3
S032B4210,,YES,77532019907,290080,3051,2015-01-14 19:03:39.000000,2
S032B4210,,YES,32193418221,287549,3071,2015-01-13 19:05:29.000000,2
S032B4210,,YES,33537382010,284914,3071,2015-01-12 19:01:59.000000,3
S032B4210,,YES,53777177483,293306,3146,2015-01-09 19:10:13.000000,3
S032B4210,,YES,30127397326,290603,3854,2015-01-08 19:03:23.000000,2
S032B4210,,YES,74423343190,287399,2958,2015-01-07 19:11:13.000000,1
S032B4210,,YES,31184691535,297401,2497,2015-01-11 19:00:57.000000,1
S032B4210,,YES,31377523802,307623,2961,2015-02-01 19:03:58.000000,1
S032B4210,,YES,79916262192,293996,3102,2015-02-02 19:11:28.000000,1
S032B4210,,YES,32741161984,295358,2907,2015-02-03 19:02:39.000000,2
S032B4210,,YES,125630403174,295913,3055,2015-02-04 19:10:30.000000,0
S032B4210,,YES,55085389129,296676,2839,2015-02-05 19:11:22.000000,2
VM1_FULLVM1_HL,s032a720,YES,27038311285,1,1,2015-02-01 02:00:37.000000,0
VM1_FULLVM1_HL,,YES,27038321801,0,965,2015-02-01 02:00:37.000000,0
VM1_FULLVM1_HL,s032a730,YES,8366101229,1,1,2015-02-01 02:25:57.000000,0
VM1_FULLVM1_HL,,YES,8366107730,0,598,2015-02-01 02:25:56.000000,0
VM1_FULLVM1_HL,s032a740,YES,11137053799,1,1,2015-02-01 02:33:51.000000,0
VM1_FULLVM1_HL,,YES,11137063842,0,920,2015-02-01 02:33:50.000000,0
VM1_FULLVM1_HL,s032a741,YES,6004810341,1,1,2015-02-01 02:47:33.000000,0
VM1_FULLVM1_HL,,YES,6004818426,0,742,2015-02-01 02:47:33.000000,0
VM1_FULLVM1_HL,s032a723,YES,10057840433,1,1,2015-02-01 02:55:32.000000,0
VM1_FULLVM1_HL,,YES,10057870859,0,2775,2015-02-01 02:55:31.000000,0
VM1_FULLVM1_HL,s032a727,YES,8375540829,1,1,2015-02-01 03:07:35.000000,0
VM1_FULLVM1_HL,,YES,8375551312,0,960,2015-02-01 03:07:35.000000,0
VM1_FULLVM1_HL,s032a728,YES,11210912111,1,1,2015-02-01 03:16:59.000000,0
VM1_FULLVM1_HL,,YES,11210922814,0,980,2015-02-01 03:16:58.000000,0
VM1_FULLVM1_HL,i032a710,YES,6545920769,1,1,2015-02-01 03:28:34.000000,0
VM1_FULLVM1_HL,,YES,6545927952,0,660,2015-02-01 03:28:33.000000,0
VM1_FULLVM1_HL,i032a720,YES,6541614544,1,1,2015-02-01 03:37:30.000000,0
VM1_FULLVM1_HL,,YES,6541621122,0,607,2015-02-01 03:37:30.000000,0
VM1_FULLVM1_HL,i032a730,YES,7500278875,1,1,2015-02-01 03:44:47.000000,0
VM1_FULLVM1_HL,,YES,7500285970,0,652,2015-02-01 03:44:47.000000,0
VM1_FULLVM1_HL,i032a731,YES,5998814875,1,1,2015-02-01 03:53:21.000000,0
VM1_FULLVM1_HL,,YES,5998820892,0,554,2015-02-01 03:53:20.000000,0
VM1_FULLVM1_HL,s032a710,YES,6893296515,1,1,2015-02-01 03:59:46.000000,0
VM1_FULLVM1_HL,,YES,6893306272,0,894,2015-02-01 03:59:45.000000,0
VM1_FULLVM1_MBB,,YES,3882267014,0,418,2015-01-10 09:03:12.000000,0
VM1_FULLVM1_MBB,i032aw000120,YES,3882262493,1,1,2015-01-10 09:03:12.000000,0
VM1_FULLVM1_MBB,,YES,647034204,0,183,2015-01-10 09:01:50.000000,0
VM1_FULLVM1_MBB,i032aw000200,YES,647032290,1,1,2015-01-10 09:01:50.000000,0
VM1_FULLVM1_MBB,,YES,34666,0,10,2015-01-10 09:01:17.000000,0
VM1_FULLVM1_MBB,i032a055,YES,34633,1,1,2015-01-10 09:01:18.000000,0
VM1_FULLVM1_MBB,,YES,865601458,0,378,2015-01-10 07:26:51.000000,0
VM1_FULLVM1_MBB,i032a006,YES,865597377,1,1,2015-01-10 07:26:51.000000,0
VM1_FULLVM1_MBB,,YES,631419020,0,179,2015-01-10 09:00:02.000000,0
VM1_FULLVM1_MBB,,YES,25328648820,0,1600,2015-01-10 06:40:53.000000,0
VM1_FULLVM1_MBB,i032a058,YES,25328631297,1,1,2015-01-10 06:40:53.000000,0
VM1_FULLVM1_MBB,i032aw000201,YES,631417150,1,1,2015-01-10 09:00:02.000000,0
VM1_FULLVM1_MBB,,YES,189000359,0,226,2015-01-10 07:27:47.000000,0
VM1_FULLVM1_MBB,,YES,162908115398,0,2474,2015-01-10 05:28:07.000000,0
VM1_FULLVM1_MBB,i032mw999020,YES,188997950,1,1,2015-01-10 07:27:47.000000,0
VM1_FULLVM1_MBB,i032a055_drtest,YES,162908088261,1,1,2015-01-10 05:28:08.000000,0
VM1_FULLVM1_MBB,,YES,4900514159,0,376,2015-01-10 07:07:26.000000,0
VM1_FULLVM1_MBB,i032a900,YES,4900510100,1,1,2015-01-10 07:07:27.000000,0
VM1_FULLVM1_MBB,,YES,201971460,0,209,2015-01-10 07:25:20.000000,0
VM1_FULLVM1_MBB,i032iw000080,YES,201969216,1,1,2015-01-10 07:25:21.000000,0
VM1_FULLVM1_MBB,,YES,716374070,0,122,2015-01-10 07:22:53.000000,0
VM1_FULLVM1_MBB,i032aw000993,YES,716372805,1,1,2015-01-10 07:22:54.000000,0
VM1_FULLVM1_MBB,,YES,912092641,0,384,2015-01-10 07:19:00.000000,0
VM1_FULLVM1_MBB,i032a090,YES,912088494,1,1,2015-01-10 07:19:00.000000,0
VM1_FULLVM1_MBB,,YES,1998691990,0,250,2015-01-10 07:12:05.000000,0
VM1_FULLVM1_MBB,i032aw000036,YES,1998689317,1,1,2015-01-10 07:12:05.000000,0
VM1_FULLVM1_MBB,,YES,261438599,0,306,2015-01-10 07:10:20.000000,0
VM1_FULLVM1_MBB,i032a056,YES,261435310,1,1,2015-01-10 07:10:20.000000,0
VM1_FULLVM1_MBB,,YES,1935605776,0,242,2015-01-10 07:06:30.000000,0
VM1_FULLVM1_MBB,i032a045,YES,1935603191,1,1,2015-01-10 07:06:30.000000,0
VM1_FULLVM1_MBB,,YES,1312085547,0,270,2015-01-10 07:00:03.000000,0
VM1_FULLVM1_MBB,i032aw000070,YES,1312082654,1,1,2015-01-10 07:00:03.000000,0
VM1_FULLVM1_MBB,,YES,163049682191,0,2446,2015-01-10 18:30:41.000000,0
VM1_FULLVM1_MBB,s032a055,YES,163049673806,1,1,2015-01-10 18:30:16.000000,0
VM1_FULLVM1_MBB,,YES,18455,0,4,2015-01-10 18:30:15.000000,0
VM1_FULLVM1_MBB,,YES,301463461,0,332,2015-01-10 18:28:46.000000,0
VM1_FULLVM1_MBB,i032a056,YES,301459886,1,1,2015-01-10 18:28:47.000000,0
VM1_FULLVM1_MBB,,YES,34666,0,10,2015-01-10 18:27:50.000000,0
VM1_FULLVM1_MBB,i032a055,YES,34633,1,1,2015-01-10 18:27:50.000000,0
VM1_FULLVM1_MBB,,YES,1609752413,0,616,2015-01-10 18:24:35.000000,0
VM1_FULLVM1_MBB,d032a056,YES,1609745714,1,1,2015-01-10 18:24:35.000000,0
VM1_FULLVM1_MBB,,YES,20240348126,0,1402,2015-01-10 18:00:55.000000,0
VM1_FULLVM1_MBB,d032a055,YES,20240332781,1,1,2015-01-10 18:00:55.000000,0
VM1_FULLVM1_MBB,,YES,0,2,5,2015-01-10 08:59:57.000000,1
VM1_FULLVM1_MBB,,YES,1392375018,0,482,2015-01-10 06:26:22.000000,0
VM1_FULLVM1_MBB,i098a075,YES,1392369793,1,1,2015-01-10 06:26:22.000000,0
VM1_FULLVM1_MBB,,YES,1184688028,0,316,2015-01-10 06:22:55.000000,0
VM1_FULLVM1_MBB,i032aw000030,YES,1184684629,1,1,2015-01-10 06:22:56.000000,0
VM1_FULLVM1_MBB,,YES,129980069,0,112,2015-01-10 06:24:59.000000,0
VM1_FULLVM1_MBB,i032aw000991,YES,129978914,1,1,2015-01-10 06:24:59.000000,0
VM1_FULLVM1_MBB,,YES,12623,0,6,2015-01-10 06:24:43.000000,0
VM1_FULLVM1_MBB,i032al000900,YES,12612,1,1,2015-01-10 06:24:43.000000,0
VM1_FULLVM1_MBB,,YES,1109976394,0,406,2015-01-10 06:19:44.000000,0
VM1_FULLVM1_MBB,i032p002,YES,1109972005,1,1,2015-01-10 06:19:44.000000,0
VM1_FULLVM1_MBB,,YES,1348470864,0,348,2015-01-10 06:19:24.000000,0
VM1_FULLVM1_MBB,i032p001,YES,1348467113,1,1,2015-01-10 06:19:25.000000,0
VM1_FULLVM1_MBB,,YES,5081937949,0,546,2015-01-10 06:01:06.000000,0
VM1_FULLVM1_MBB,i032a005,YES,5081932020,1,1,2015-01-10 06:01:07.000000,0
VM1_FULLVM1_MBB,,YES,3889730133,0,476,2015-01-10 06:10:44.000000,0
VM1_FULLVM1_MBB,i098a120,YES,3889724974,1,1,2015-01-10 06:10:45.000000,0
VM1_FULLVM1_MBB,,YES,5176661189,0,326,2015-01-10 05:58:54.000000,0
VM1_FULLVM1_MBB,i098a180,YES,5176657680,1,1,2015-01-10 05:58:54.000000,0
VM1_FULLVM1_MBB,,YES,1093898641,0,326,2015-01-10 06:06:21.000000,0
VM1_FULLVM1_MBB,i032mw000900,YES,1093895132,1,1,2015-01-10 06:06:22.000000,0
VM1_FULLVM1_MBB,,YES,3863656784,0,1155,2015-01-10 05:47:28.000000,0
VM1_FULLVM1_MBB,i032g050,YES,3863644222,1,1,2015-01-10 05:47:29.000000,0
VM1_FULLVM1_MBB,,YES,882584728,0,260,2015-01-10 05:57:27.000000,0
VM1_FULLVM1_MBB,i032a010,YES,882581945,1,1,2015-01-10 05:57:27.000000,0
VM1_FULLVM1_MBB,,YES,4211003789,0,510,2015-01-10 05:40:38.000000,0
VM1_FULLVM1_MBB,i098a005,YES,4210998256,1,1,2015-01-10 05:40:38.000000,0
VM1_FULLVM1_MBB,,YES,926642113,0,444,2015-01-10 05:54:05.000000,0
VM1_FULLVM1_MBB,i098a070,YES,926637306,1,1,2015-01-10 05:54:05.000000,0
VM1_FULLVM1_MBB,,YES,914989030,0,249,2015-01-10 05:51:55.000000,0
VM1_FULLVM1_MBB,i032al000800,YES,914986346,1,1,2015-01-10 05:51:55.000000,0
VM1_FULLVM1_MBB,,YES,5105081493,0,548,2015-01-10 05:40:04.000000,0
VM1_FULLVM1_MBB,i098a150,YES,5105075542,1,1,2015-01-10 05:40:04.000000,0
VM1_FULLVM1_MBB,,YES,2095729685,0,411,2015-01-10 05:41:56.000000,0
VM1_FULLVM1_MBB,,YES,2676342637,0,268,2015-01-10 07:01:45.000000,0
VM1_FULLVM1_MBB,i032a517,YES,2676339766,1,1,2015-01-10 07:01:46.000000,0
VM1_FULLVM1_MBB,,YES,9320577460,0,404,2015-01-10 06:36:27.000000,0
VM1_FULLVM1_MBB,i032aw000800,YES,9320573093,1,1,2015-01-10 06:36:27.000000,0
VM1_FULLVM1_MBB,,YES,640799264,0,181,2015-01-10 06:57:21.000000,0
VM1_FULLVM1_MBB,i032aw000055,YES,640797372,1,1,2015-01-10 06:57:21.000000,0
VM1_FULLVM1_MBB,,YES,1146435482,0,666,2015-01-10 06:51:59.000000,0
VM1_FULLVM1_MBB,i098a071,YES,1146428233,1,1,2015-01-10 06:52:00.000000,0
VM1_FULLVM1_MBB,,YES,285271991,0,195,2015-01-10 06:50:41.000000,0
VM1_FULLVM1_MBB,i032mw999001,YES,285269901,1,1,2015-01-10 06:50:41.000000,0
VM1_FULLVM1_MBB,,YES,2716447762,0,328,2015-01-10 06:44:59.000000,0
VM1_FULLVM1_MBB,i848a140,YES,2716444231,1,1,2015-01-10 06:45:00.000000,0
VM1_FULLVM1_MBB,i032aw000080,NO,0,1,0,2015-01-10 06:44:58.000000,1
VM1_FULLVM1_MBB,,YES,774799942,0,250,2015-01-10 06:43:01.000000,0
VM1_FULLVM1_MBB,i032m010,YES,774797269,1,1,2015-01-10 06:43:01.000000,0
VM1_FULLVM1_MBB,,YES,841728893,0,374,2015-01-10 06:40:58.000000,0
VM1_FULLVM1_MBB,i032a040,YES,841724856,1,1,2015-01-10 06:40:58.000000,0
VM1_FULLVM1_MBB,,YES,1340130245,0,434,2015-01-10 06:37:46.000000,0
VM1_FULLVM1_MBB,i098m504,YES,1340125548,1,1,2015-01-10 06:37:46.000000,0
VM1_FULLVM1_MBB,,YES,3219241473,0,207,2015-01-10 06:34:16.000000,0
VM1_FULLVM1_MBB,i032a044,YES,3219239251,1,1,2015-01-10 06:34:17.000000,0
VM1_FULLVM1_MBB,,YES,8853557654,0,940,2015-01-10 06:10:35.000000,0
VM1_FULLVM1_MBB,i032a921,YES,8853547391,1,1,2015-01-10 06:10:35.000000,0
VM1_FULLVM1_MBB,,YES,2769984465,0,913,2015-01-10 06:26:10.000000,0
VM1_FULLVM1_MBB,i032g052,YES,2769974565,1,1,2015-01-10 06:26:10.000000,0
VM1_FULLVM1_MBB,,YES,905747846,0,702,2015-01-10 06:30:54.000000,0
VM1_FULLVM1_MBB,i098a074,YES,905740201,1,1,2015-01-10 06:30:55.000000,0
VM1_FULLVM1_MBB,,YES,2102250210,0,134,2015-01-10 04:25:34.000000,0
VM1_FULLVM1_MBB,i0321304160332,YES,2102248813,1,1,2015-01-10 04:25:34.000000,0
VM1_FULLVM1_MBB,,YES,19186,0,4,2015-01-10 04:26:55.000000,0
VM1_FULLVM1_MBB,,YES,4640594238,0,330,2015-01-10 04:14:09.000000,0
VM1_FULLVM1_MBB,i032a140,YES,4640590685,1,1,2015-01-10 04:14:09.000000,0
VM1_FULLVM1_MBB,,YES,3488955257,0,516,2015-01-10 04:17:07.000000,0
VM1_FULLVM1_MBB,i098m502,YES,3488949658,1,1,2015-01-10 04:17:08.000000,0
VM1_FULLVM1_MBB,,YES,3970671414,0,312,2015-01-10 04:15:48.000000,0
VM1_FULLVM1_MBB,i032s906,YES,3970668059,1,1,2015-01-10 04:15:48.000000,0
VM1_FULLVM1_MBB,,YES,3286016518,0,492,2015-01-10 04:08:11.000000,0
VM1_FULLVM1_MBB,i098m501,YES,3286011183,1,1,2015-01-10 04:08:12.000000,0
VM1_FULLVM1_MBB,,YES,2071841286,0,194,2015-01-10 04:08:17.000000,0
VM1_FULLVM1_MBB,i0981304160364,YES,2071839229,1,1,2015-01-10 04:08:17.000000,0
VM1_FULLVM1_MBB,,YES,3564102242,0,465,2015-01-10 04:07:07.000000,0
VM1_FULLVM1_MBB,i032t098,YES,3564097182,1,1,2015-01-10 04:07:07.000000,0
VM1_FULLVM1_MBB,,YES,2238870211,0,144,2015-01-10 04:01:03.000000,0
VM1_FULLVM1_MBB,i032s907,YES,2238868704,1,1,2015-01-10 04:01:04.000000,0
VM1_FULLVM1_MBB,,YES,3162391857,0,712,2015-01-10 04:00:52.000000,0
VM1_FULLVM1_MBB,i032t150,YES,3162384102,1,1,2015-01-10 04:00:53.000000,0
VM1_FULLVM1_MBB,i032t002,YES,2095725219,1,1,2015-01-10 05:41:56.000000,0
VM1_FULLVM1_MBB,,YES,73223011745,0,1105,2015-01-10 04:01:39.000000,0
VM1_FULLVM1_MBB,i032t102,YES,73223017119,1,1,2015-01-10 04:01:00.000000,0
VM1_FULLVM1_MBB,,YES,2530497206,0,142,2015-01-10 05:25:10.000000,0
VM1_FULLVM1_MBB,i0981304160333,YES,2530495721,1,1,2015-01-10 05:25:09.000000,0
VM1_FULLVM1_MBB,,YES,5612763802,0,392,2015-01-10 05:29:35.000000,0
VM1_FULLVM1_MBB,i032a050,YES,5612759567,1,1,2015-01-10 05:29:36.000000,0
VM1_FULLVM1_MBB,,YES,2304296122,0,683,2015-01-10 05:23:07.000000,0
VM1_FULLVM1_MBB,i032c194,YES,2304288928,1,1,2015-01-10 05:23:07.000000,0
VM1_FULLVM1_MBB,,YES,4338450268,0,370,2015-01-10 05:22:05.000000,0
VM1_FULLVM1_MBB,i032m011,YES,4338446275,1,1,2015-01-10 05:22:06.000000,0
VM1_FULLVM1_MBB,,YES,2136263395,0,134,2015-01-10 05:11:25.000000,0
VM1_FULLVM1_MBB,i0321304160333,YES,2136261998,1,1,2015-01-10 05:11:25.000000,0
VM1_FULLVM1_MBB,,YES,2141239743,0,794,2015-01-10 05:18:57.000000,0
VM1_FULLVM1_MBB,i032mw000194,YES,2141231086,1,1,2015-01-10 05:18:58.000000,0
VM1_FULLVM1_MBB,,YES,17327633224,0,721,2015-01-10 05:01:54.000000,0
VM1_FULLVM1_MBB,i032g051,YES,17327625436,1,1,2015-01-10 05:01:54.000000,0
VM1_FULLVM1_MBB,,YES,3870680778,0,496,2015-01-10 05:13:06.000000,0
VM1_FULLVM1_MBB,i098a151,YES,3870675399,1,1,2015-01-10 05:13:07.000000,0
VM1_FULLVM1_MBB,,YES,22283513146,0,354,2015-01-10 04:47:00.000000,0
VM1_FULLVM1_MBB,i032aw000071,YES,22283527276,1,1,2015-01-10 04:46:40.000000,0
VM1_FULLVM1_MBB,,YES,2089051346,0,188,2015-01-10 04:56:17.000000,0
VM1_FULLVM1_MBB,i0321304160364,YES,2089049355,1,1,2015-01-10 04:56:18.000000,0
VM1_FULLVM1_MBB,,YES,1544936079,0,946,2015-01-10 04:58:50.000000,0
VM1_FULLVM1_MBB,i098a072,YES,1544925750,1,1,2015-01-10 04:58:50.000000,0
VM1_FULLVM1_MBB,,YES,2888995464,0,537,2015-01-10 04:54:04.000000,0
VM1_FULLVM1_MBB,i032b031,YES,2888989656,1,1,2015-01-10 04:54:04.000000,0
VM1_FULLVM1_MBB,,YES,2036141618,0,198,2015-01-10 04:40:28.000000,0
VM1_FULLVM1_MBB,i0981304160365,YES,2036139517,1,1,2015-01-10 04:40:28.000000,0
VM1_FULLVM1_MBB,,YES,2407006487,0,556,2015-01-10 04:49:48.000000,0
VM1_FULLVM1_MBB,i032a920,YES,2407000448,1,1,2015-01-10 04:49:48.000000,0
VM1_FULLVM1_MBB,,YES,4251037789,0,448,2015-01-10 04:43:16.000000,0
VM1_FULLVM1_MBB,i032m040,YES,4251032938,1,1,2015-01-10 04:43:16.000000,0
VM1_FULLVM1_MBB,,YES,17958,0,4,2015-01-10 04:46:39.000000,0
VM1_FULLVM1_MBB,,YES,25747397566,0,394,2015-01-10 04:27:15.000000,0
VM1_FULLVM1_MBB,i032a120,YES,25747412484,1,1,2015-01-10 04:26:56.000000,0
VM1_FULLVM1_MBB,,YES,14444078227,0,2919,2015-01-10 04:26:43.000000,0
VM1_FULLVM1_MBB,i032b042,YES,14444046305,1,1,2015-01-10 04:26:43.000000,0
VM1_FULLVM1_MBB,,YES,2199614580,0,204,2015-01-10 04:33:31.000000,0
VM1_FULLVM1_MBB,i0321304160365,YES,2199612413,1,1,2015-01-10 04:33:31.000000,0
VM1_FULLVM1_MBB,,YES,1488741404,0,128,2015-01-10 04:29:42.000000,0
VM1_FULLVM1_MBB,i0981304160332,YES,1488740073,1,1,2015-01-10 04:29:42.000000,0
VM1_FULLVM1_MBB,,YES,16908789764,0,958,2015-01-09 23:46:07.000000,0
VM1_FULLVM1_MBB,i098a071,YES,16908779303,1,1,2015-01-09 23:46:08.000000,0
VM1_FULLVM1_MBB,,YES,23038457228,0,361,2015-01-09 23:34:53.000000,0
VM1_FULLVM1_MBB,i032iw000080,YES,23038453312,1,1,2015-01-09 23:34:53.000000,0
VM1_FULLVM1_MBB,,YES,8138383685,0,556,2015-01-09 23:28:16.000000,0
VM1_FULLVM1_MBB,i032a090,YES,8138377646,1,1,2015-01-09 23:28:16.000000,0
VM1_FULLVM1_MBB,,YES,25146461445,0,476,2015-01-09 23:15:52.000000,0
VM1_FULLVM1_MBB,i032aw000070,YES,25146474374,1,1,2015-01-09 23:15:30.000000,0
VM1_FULLVM1_MBB,,YES,75228424050,0,2305,2015-01-25 02:50:05.000000,0
VM1_FULLVM1_MBB,i032s051,YES,75228398794,1,1,2015-01-25 02:50:06.000000,0
VM1_FULLVM1_MBB,,YES,71385290253,0,5571,2015-01-25 02:00:45.000000,0
VM1_FULLVM1_MBB,i032s010,YES,71385229071,1,1,2015-01-25 02:00:46.000000,0
VM1_FULLVM1_MBB,,YES,15931344852,0,1114,2015-01-24 18:44:59.000000,0
VM1_FULLVM1_MBB,s032a055,YES,15931332675,1,1,2015-01-24 18:44:59.000000,0
VM1_FULLVM1_MBB,,YES,5940254253,0,484,2015-01-24 18:39:01.000000,0
VM1_FULLVM1_MBB,i032a056,YES,5940249006,1,1,2015-01-24 18:39:01.000000,0
VM1_FULLVM1_MBB,,YES,14546444959,0,680,2015-01-24 18:21:47.000000,0
VM1_FULLVM1_MBB,i032a055,YES,14546437556,1,1,2015-01-24 18:21:47.000000,0
VM1_FULLVM1_MBB,,YES,1556423377,0,650,2015-01-24 18:16:50.000000,0
VM1_FULLVM1_MBB,d032a056,YES,1556416304,1,1,2015-01-24 18:16:50.000000,0
VM1_FULLVM1_MBB,,YES,12278166336,0,1248,2015-01-24 18:00:46.000000,0
VM1_FULLVM1_MBB,,YES,76701272296,0,2333,2015-01-25 04:31:26.000000,0
VM1_FULLVM1_MBB,d032a055,YES,12278152685,1,1,2015-01-24 18:00:46.000000,0
VM1_FULLVM1_MBB,d032s051,YES,76701246732,1,1,2015-01-25 04:31:26.000000,0
VM1_FULLVM1_MBB,,YES,98633083798,0,4487,2015-01-25 03:34:41.000000,0
VM1_FULLVM1_MBB,d032s010,YES,98633034540,1,1,2015-01-25 03:34:42.000000,0
VM1_FULLVM1_MBB,d032a055,YES,9526135774,1,1,2015-01-31 18:01:01.000000,0
VM1_FULLVM1_MBB,,YES,9526145707,0,910,2015-01-31 18:01:00.000000,0
VM1_FULLVM1_MBB,,YES,18099,0,4,2015-01-09 23:15:29.000000,0
VM1_FULLVM1_MBB,,YES,4405051214,0,255,2015-01-09 23:11:41.000000,0
VM1_FULLVM1_MBB,i032aw000055,YES,4405048508,1,1,2015-01-09 23:11:41.000000,0
VM1_FULLVM1_MBB,,YES,13561049948,0,696,2015-01-09 23:02:09.000000,0
VM1_FULLVM1_MBB,i032a006,YES,13561042369,1,1,2015-01-09 23:02:09.000000,0
VM1_FULLVM1_MBB,,YES,4456505994,0,257,2015-01-09 22:55:08.000000,0
VM1_FULLVM1_MBB,i032aw000200,YES,4456503266,1,1,2015-01-09 22:55:08.000000,0
VM1_FULLVM1_MBB,,YES,19338149855,0,297,2015-01-09 22:35:06.000000,0
VM1_FULLVM1_MBB,i032a044,YES,19338165387,1,1,2015-01-09 22:34:37.000000,0
VM1_FULLVM1_MBB,,YES,18755,0,4,2015-01-09 22:34:37.000000,0
VM1_FULLVM1_MBB,,YES,25119373964,0,396,2015-01-09 22:06:17.000000,0
VM1_FULLVM1_MBB,i032m010,YES,25119388020,1,1,2015-01-09 22:05:52.000000,0
VM1_FULLVM1_MBB,,YES,5749314679,0,881,2015-01-10 04:00:55.000000,0
VM1_FULLVM1_MBB,i032t101,YES,5749305043,1,1,2015-01-10 04:00:56.000000,0
VM1_FULLVM1_MBB,,YES,17485,0,4,2015-01-10 04:00:59.000000,0
VM1_FULLVM1_MBB,,YES,18346,0,4,2015-01-09 22:05:52.000000,0
VM1_FULLVM1_MBB,,YES,18937590238,0,297,2015-01-09 21:43:22.000000,0
VM1_FULLVM1_MBB,i032mw999001,YES,18937587026,1,1,2015-01-09 21:43:23.000000,0
VM1_FULLVM1_MBB,i032aw000080,NO,0,1,0,2015-01-09 21:42:55.000000,1
VM1_FULLVM1_MBB,d032a056,YES,1540006177,1,1,2015-01-31 18:14:37.000000,0
VM1_FULLVM1_MBB,,YES,1540013184,0,644,2015-01-31 18:14:37.000000,0
VM1_FULLVM1_MBB,i032a055,YES,7950262693,1,1,2015-01-31 18:19:48.000000,0
VM1_FULLVM1_MBB,,YES,21585660330,0,348,2015-01-10 00:05:49.000000,0
VM1_FULLVM1_MBB,i032mw999020,YES,21585656579,1,1,2015-01-10 00:05:49.000000,0
VM1_FULLVM1_MBB,,YES,993876933,0,428,2015-01-10 00:03:28.000000,0
VM1_FULLVM1_MBB,,YES,7950268996,0,580,2015-01-31 18:19:48.000000,0
VM1_FULLVM1_MBB,i032a056,YES,917107630,1,1,2015-01-31 18:32:01.000000,0
VM1_FULLVM1_MBB,,YES,917112371,0,438,2015-01-31 18:32:00.000000,0
VM1_FULLVM1_MBB,s032a055,YES,21516238915,1,1,2015-01-31 18:34:36.000000,0
VM1_FULLVM1_MBB,,YES,21516252236,0,1218,2015-01-31 18:34:35.000000,0
VM1_FULLVM1_MBB,i032a056,YES,993872302,1,1,2015-01-10 00:03:28.000000,0
VM1_FULLVM1_MBB,,YES,0,2,0,2015-01-19 11:09:29.000000,2
VM1_FULLVM1_MBB,d032a515,NO,0,1,0,2015-01-19 11:09:42.000000,1
VM1_FULLVM1_MBB,d032a526,YES,36527621394,1,1,2015-01-17 12:34:57.000000,0
VM1_FULLVM1_MBB,,YES,20089,0,4,2015-01-17 12:34:57.000000,0
VM1_FULLVM1_MBB,,YES,18180,0,4,2015-01-17 12:34:49.000000,0
VM1_FULLVM1_MBB,,YES,71980552156,0,1085,2015-01-17 11:35:43.000000,0
VM1_FULLVM1_MBB,d032a047,YES,71980561135,1,1,2015-01-17 11:34:32.000000,0
VM1_FULLVM1_MBB,,YES,51142501590,0,777,2015-01-17 11:34:31.000000,0
VM1_FULLVM1_MBB,d098m910,YES,51142509881,1,1,2015-01-17 11:34:28.000000,0
VM1_FULLVM1_MBB,,YES,20826,0,4,2015-01-17 11:34:32.000000,0
VM1_FULLVM1_MBB,,YES,16794,0,4,2015-01-17 11:34:28.000000,0
VM1_FULLVM1_MBB,,YES,59668892910,0,904,2015-01-17 11:02:19.000000,0
VM1_FULLVM1_MBB,d032a048,YES,59668901520,1,1,2015-01-17 11:01:58.000000,0
VM1_FULLVM1_MBB,,YES,6427457972,0,426,2015-01-17 11:09:23.000000,0
VM1_FULLVM1_MBB,d032m900,YES,6427453363,1,1,2015-01-17 11:09:23.000000,0
VM1_FULLVM1_MBB,,YES,26194840908,0,414,2015-01-17 11:01:53.000000,0
VM1_FULLVM1_MBB,d032a920,YES,26194854744,1,1,2015-01-17 11:01:30.000000,0
VM1_FULLVM1_MBB,,YES,7102128301,0,616,2015-01-17 11:05:43.000000,0
VM1_FULLVM1_MBB,d032d102,YES,7102121602,1,1,2015-01-17 11:05:43.000000,0
VM1_FULLVM1_MBB,,YES,15369770958,0,1160,2015-01-17 19:39:11.000000,0
VM1_FULLVM1_MBB,s032a055,YES,15369758275,1,1,2015-01-17 19:39:11.000000,0
VM1_FULLVM1_MBB,,YES,1499574433,0,448,2015-01-17 19:35:30.000000,0
VM1_FULLVM1_MBB,i032a056,YES,1499569582,1,1,2015-01-17 19:35:30.000000,0
VM1_FULLVM1_MBB,,YES,16563297361,0,766,2015-01-17 19:12:11.000000,0
VM1_FULLVM1_MBB,i032a055,YES,16563289012,1,1,2015-01-17 19:12:12.000000,0
VM1_FULLVM1_MBB,,YES,6768370021,0,710,2015-01-17 18:59:12.000000,0
VM1_FULLVM1_MBB,d032a056,YES,6768362288,1,1,2015-01-17 18:59:13.000000,0
VM1_FULLVM1_MBB,,YES,49179465860,0,1836,2015-01-17 18:00:57.000000,0
VM1_FULLVM1_MBB,d032a055,YES,49179445741,1,1,2015-01-17 18:00:58.000000,0
VM1_FULLVM1_MBB,,YES,0,2,1,2015-01-17 14:03:43.000000,1
VM1_FULLVM1_MBB,,YES,45105367047,0,682,2015-01-17 14:36:26.000000,0
VM1_FULLVM1_MBB,d098a501,YES,45105378774,1,1,2015-01-17 14:36:03.000000,0
VM1_FULLVM1_MBB,,YES,19163,0,4,2015-01-17 14:36:02.000000,0
VM1_FULLVM1_MBB,,YES,19747612079,0,311,2015-01-17 14:23:18.000000,0
VM1_FULLVM1_MBB,d032a072,YES,19747627255,1,1,2015-01-17 14:22:59.000000,0
VM1_FULLVM1_MBB,,YES,17492074815,0,284,2015-01-17 14:23:18.000000,0
VM1_FULLVM1_MBB,d032aw000054,YES,17492071768,1,1,2015-01-17 14:23:19.000000,0
VM1_FULLVM1_MBB,,YES,18553,0,4,2015-01-17 14:22:59.000000,0
VM1_FULLVM1_MBB,,YES,30081516368,0,460,2015-01-17 14:04:04.000000,0
VM1_FULLVM1_MBB,d032a503,YES,30081530748,1,1,2015-01-17 14:03:45.000000,0
VM1_FULLVM1_MBB,,YES,28338261656,0,446,2015-01-17 14:04:35.000000,0
VM1_FULLVM1_MBB,d032a010,YES,28338275136,1,1,2015-01-17 14:04:06.000000,0
VM1_FULLVM1_MBB,,YES,18320,0,4,2015-01-17 14:04:05.000000,0
VM1_FULLVM1_MBB,,YES,19374,0,4,2015-01-17 14:03:45.000000,0
VM1_FULLVM1_MBB,,YES,56692522988,0,862,2015-01-17 12:34:56.000000,0
VM1_FULLVM1_MBB,d032a501,YES,56692531752,1,1,2015-01-17 12:34:49.000000,0
VM1_FULLVM1_MBB,,YES,36527607377,0,558,2015-01-17 12:35:58.000000,0
VM1_FULLVM1_MBB,,YES,6135914212,0,612,2015-01-17 11:01:27.000000,0
VM1_FULLVM1_MBB,d032d101,YES,6135907557,1,1,2015-01-17 11:01:27.000000,0
VM1_FULLVM1_MBB,,YES,27647430853,0,1884,2015-01-17 10:30:00.000000,0
VM1_FULLVM1_MBB,d032a521,YES,27647410206,1,1,2015-01-17 10:30:01.000000,0
VM1_FULLVM1_MBB,,YES,18488,0,4,2015-01-17 11:01:57.000000,0
VM1_FULLVM1_MBB,,YES,18324,0,4,2015-01-17 11:01:30.000000,0
VM1_FULLVM1_MBB,,YES,39639315667,0,602,2015-01-17 10:19:56.000000,0
VM1_FULLVM1_MBB,d098m504,YES,39639328334,1,1,2015-01-17 10:19:25.000000,0
VM1_FULLVM1_MBB,,YES,15789493225,0,687,2015-01-17 10:47:37.000000,0
VM1_FULLVM1_MBB,d032a049,YES,15789485767,1,1,2015-01-17 10:47:37.000000,0
VM1_FULLVM1_MBB,,YES,12688438625,0,636,2015-01-17 10:43:31.000000,0
VM1_FULLVM1_MBB,d098a070,YES,12688431706,1,1,2015-01-17 10:43:31.000000,0
VM1_FULLVM1_MBB,,YES,7636863802,0,412,2015-01-17 08:24:23.000000,0
VM1_FULLVM1_MBB,,YES,4804548850,0,1003,2015-01-17 10:41:07.000000,0
VM1_FULLVM1_MBB,d032m011,YES,7636859347,1,1,2015-01-17 08:24:23.000000,0
VM1_FULLVM1_MBB,d032a045,YES,4804537916,1,1,2015-01-17 10:41:07.000000,0
VM1_FULLVM1_MBB,,YES,9029083717,0,676,2015-01-17 10:26:15.000000,0
VM1_FULLVM1_MBB,d098a500,YES,9029076358,1,1,2015-01-17 10:26:16.000000,0
VM1_FULLVM1_MBB,,YES,271090189,0,69,2015-01-17 10:39:57.000000,0
VM1_FULLVM1_MBB,d098m911,YES,271089485,1,1,2015-01-17 10:39:57.000000,0
VM1_FULLVM1_MBB,,YES,15868268402,0,1393,2015-01-17 10:16:03.000000,0
VM1_FULLVM1_MBB,d032a046,YES,15868253178,1,1,2015-01-17 10:16:03.000000,0
VM1_FULLVM1_MBB,,YES,8217765630,0,500,2015-01-17 10:20:15.000000,0
VM1_FULLVM1_MBB,d032a005,YES,8217760207,1,1,2015-01-17 10:20:15.000000,0
VM1_FULLVM1_MBB,,YES,13886912708,0,700,2015-01-17 10:05:53.000000,0
VM1_FULLVM1_MBB,d032d202,YES,13886905085,1,1,2015-01-17 10:05:53.000000,0
VM1_FULLVM1_MBB,,YES,3973949008,0,253,2015-01-17 10:16:24.000000,0
VM1_FULLVM1_MBB,d098m160,YES,3973946324,1,1,2015-01-17 10:16:25.000000,0
VM1_FULLVM1_MBB,,YES,19223,0,4,2015-01-17 10:19:25.000000,0
VM1_FULLVM1_MBB,,YES,60162846380,0,906,2015-01-17 08:07:41.000000,0
VM1_FULLVM1_MBB,d032a504,YES,60162854880,1,1,2015-01-17 08:07:14.000000,0
VM1_FULLVM1_MBB,,YES,65751537883,0,2164,2015-01-17 06:54:01.000000,0
VM1_FULLVM1_MBB,d032b020,YES,65751514244,1,1,2015-01-17 06:54:01.000000,0
VM1_FULLVM1_MBB,,YES,3544811431,0,280,2015-01-17 10:11:14.000000,0
VM1_FULLVM1_MBB,d032p003,YES,3544808428,1,1,2015-01-17 10:11:14.000000,0
VM1_FULLVM1_MBB,,YES,5962642219,0,328,2015-01-17 10:06:33.000000,0
VM1_FULLVM1_MBB,d032aw000001,YES,5962638688,1,1,2015-01-17 10:06:33.000000,0
VM1_FULLVM1_MBB,,YES,178779484,0,136,2015-01-17 10:05:56.000000,0
VM1_FULLVM1_MBB,d098m537,YES,178778065,1,1,2015-01-17 10:05:56.000000,0
VM1_FULLVM1_MBB,,YES,38676125530,0,586,2015-01-17 08:42:30.000000,0
VM1_FULLVM1_MBB,d098a901,YES,38676119161,1,1,2015-01-17 08:42:29.000000,0
VM1_FULLVM1_MBB,,YES,11769870503,0,332,2015-01-17 09:55:58.000000,0
VM1_FULLVM1_MBB,d032mw999001,YES,11769866928,1,1,2015-01-17 09:55:59.000000,0
VM1_FULLVM1_MBB,,YES,7083355128,0,775,2015-01-17 09:47:06.000000,0
VM1_FULLVM1_MBB,d032a520,YES,7083346702,1,1,2015-01-17 09:47:07.000000,0
VM1_FULLVM1_MBB,,YES,8552926508,0,532,2015-01-17 09:40:19.000000,0
VM1_FULLVM1_MBB,d032a076,YES,8552920733,1,1,2015-01-17 09:40:19.000000,0
VM1_FULLVM1_MBB,,YES,11210808688,0,790,2015-01-17 09:04:50.000000,0
VM1_FULLVM1_MBB,d098b008,YES,11210800119,1,1,2015-01-17 09:04:51.000000,0
VM1_FULLVM1_MBB,,YES,24118451468,0,1225,2015-01-17 07:36:05.000000,0
VM1_FULLVM1_MBB,d032a200,YES,24118438092,1,1,2015-01-17 07:36:06.000000,0
VM1_FULLVM1_MBB,,YES,3277507207,0,134,2015-01-17 04:32:40.000000,0
VM1_FULLVM1_MBB,d0981304160332,YES,3277505810,1,1,2015-01-17 04:32:40.000000,0
VM1_FULLVM1_MBB,,YES,7847208185,0,406,2015-01-17 04:17:17.000000,0
VM1_FULLVM1_MBB,d032m010,YES,7847203796,1,1,2015-01-17 04:17:18.000000,0
VM1_FULLVM1_MBB,,YES,3145469624,0,138,2015-01-17 04:23:06.000000,0
VM1_FULLVM1_MBB,d0981304160333,YES,3145468183,1,1,2015-01-17 04:23:06.000000,0
VM1_FULLVM1_MBB,,YES,2514654870,0,146,2015-01-17 04:15:12.000000,0
VM1_FULLVM1_MBB,d032s900,YES,2514653341,1,1,2015-01-17 04:15:12.000000,0
VM1_FULLVM1_MBB,,YES,2777052820,0,549,2015-01-17 04:13:31.000000,0
VM1_FULLVM1_MBB,d032t173,YES,2777046836,1,1,2015-01-17 04:13:31.000000,0
VM1_FULLVM1_MBB,,YES,6263466056,0,316,2015-01-17 04:01:06.000000,0
VM1_FULLVM1_MBB,d032s904,YES,6263462657,1,1,2015-01-17 04:01:07.000000,0
VM1_FULLVM1_MBB,,YES,9135138167,0,560,2015-01-17 07:54:10.000000,0
VM1_FULLVM1_MBB,d032m040,YES,9135132084,1,1,2015-01-17 07:54:11.000000,0
VM1_FULLVM1_MBB,,YES,18400,0,4,2015-01-17 08:07:13.000000,0
VM1_FULLVM1_MBB,,YES,66298474399,0,999,2015-01-17 06:23:58.000000,0
VM1_FULLVM1_MBB,d032t102,YES,66298481079,1,1,2015-01-17 06:23:20.000000,0
VM1_FULLVM1_MBB,,YES,3454833383,0,265,2015-01-17 07:40:35.000000,0
VM1_FULLVM1_MBB,d032t010,YES,3454830523,1,1,2015-01-17 07:40:36.000000,0
VM1_FULLVM1_MBB,,YES,5815194153,0,388,2015-01-17 07:27:29.000000,0
VM1_FULLVM1_MBB,d032a921,YES,5815189962,1,1,2015-01-17 07:27:29.000000,0
VM1_FULLVM1_MBB,,YES,22955488556,0,1158,2015-01-17 06:38:17.000000,0
VM1_FULLVM1_MBB,d032a202,YES,22955475895,1,1,2015-01-17 06:38:17.000000,0
VM1_FULLVM1_MBB,d032a515,NO,0,1,0,2015-01-17 07:26:51.000000,1
VM1_FULLVM1_MBB,,YES,7175604423,0,469,2015-01-17 07:10:54.000000,0
VM1_FULLVM1_MBB,d032aw000040,YES,7175599363,1,1,2015-01-17 07:10:55.000000,0
VM1_FULLVM1_MBB,,YES,23966475467,0,382,2015-01-17 06:35:23.000000,0
VM1_FULLVM1_MBB,d032aw000052,YES,23966471342,1,1,2015-01-17 06:35:24.000000,0
VM1_FULLVM1_MBB,,YES,6136386831,0,481,2015-01-17 06:28:47.000000,0
VM1_FULLVM1_MBB,d032a180,YES,6136381639,1,1,2015-01-17 06:28:47.000000,0
VM1_FULLVM1_MBB,,YES,12048836672,0,778,2015-01-17 06:22:23.000000,0
VM1_FULLVM1_MBB,d098a050,YES,12048828191,1,1,2015-01-17 06:22:24.000000,0
VM1_FULLVM1_MBB,,YES,11964532097,0,682,2015-01-17 06:22:39.000000,0
VM1_FULLVM1_MBB,d032d201,YES,11964524672,1,1,2015-01-17 06:22:39.000000,0
VM1_FULLVM1_MBB,,YES,23931873143,0,382,2015-01-17 05:42:27.000000,0
VM1_FULLVM1_MBB,d032aw000053,YES,23931869018,1,1,2015-01-17 05:42:28.000000,0
VM1_FULLVM1_MBB,,YES,17625,0,4,2015-01-17 06:23:20.000000,0
VM1_FULLVM1_MBB,,YES,66066664705,0,997,2015-01-17 04:01:33.000000,0
VM1_FULLVM1_MBB,d032t101,YES,66066671271,1,1,2015-01-17 04:00:55.000000,0
VM1_FULLVM1_MBB,,YES,6867742685,0,324,2015-01-17 05:51:52.000000,0
VM1_FULLVM1_MBB,d032s905,YES,6867739198,1,1,2015-01-17 05:51:53.000000,0
VM1_FULLVM1_MBB,,YES,17246559509,0,280,2015-01-17 05:57:44.000000,0
VM1_FULLVM1_MBB,d032aw000051,YES,17246556506,1,1,2015-01-17 05:57:44.000000,0
VM1_FULLVM1_MBB,,YES,51568146901,0,775,2015-01-17 04:01:55.000000,0
VM1_FULLVM1_MBB,d032t098,YES,51568138431,1,1,2015-01-17 04:01:56.000000,0
VM1_FULLVM1_MBB,,YES,2209960463,0,142,2015-01-17 05:44:36.000000,0
VM1_FULLVM1_MBB,d032s902,YES,2209958978,1,1,2015-01-17 05:44:36.000000,0
VM1_FULLVM1_MBB,,YES,35270,0,10,2015-01-17 05:44:13.000000,0
VM1_FULLVM1_MBB,d0321304160333,YES,35237,1,1,2015-01-17 05:44:13.000000,0
VM1_FULLVM1_MBB,,YES,5639734705,0,250,2015-01-17 05:28:34.000000,0
VM1_FULLVM1_MBB,d0981304160364,YES,5639732032,1,1,2015-01-17 05:28:35.000000,0
VM1_FULLVM1_MBB,,YES,6280835706,0,364,2015-01-17 05:25:23.000000,0
VM1_FULLVM1_MBB,d032bw000001,YES,6280831823,1,1,2015-01-17 05:25:23.000000,0
VM1_FULLVM1_MBB,,YES,35674,0,10,2015-01-17 05:28:08.000000,0
VM1_FULLVM1_MBB,d0321304160364,YES,35641,1,1,2015-01-17 05:28:09.000000,0
VM1_FULLVM1_MBB,,YES,2385762941,0,150,2015-01-17 05:19:50.000000,0
VM1_FULLVM1_MBB,d032s903,YES,2385761368,1,1,2015-01-17 05:19:50.000000,0
VM1_FULLVM1_MBB,,YES,17255021695,0,282,2015-01-17 04:41:49.000000,0
VM1_FULLVM1_MBB,d032aw000050,YES,17255018670,1,1,2015-01-17 04:41:50.000000,0
VM1_FULLVM1_MBB,,YES,5702880635,0,258,2015-01-17 05:00:54.000000,0
VM1_FULLVM1_MBB,d0981304160365,YES,5702877874,1,1,2015-01-17 05:00:55.000000,0
VM1_FULLVM1_MBB,,YES,5484169551,0,254,2015-01-17 04:42:51.000000,0
VM1_FULLVM1_MBB,d0321304160365,YES,5484166834,1,1,2015-01-17 04:42:52.000000,0
VM1_FULLVM1_MBB,,YES,21486741548,0,327,2015-01-17 04:00:58.000000,0
VM1_FULLVM1_MBB,d032t011,YES,21486738006,1,1,2015-01-17 04:00:58.000000,0
VM1_FULLVM1_MBB,,YES,297983321,0,90,2015-01-17 04:01:02.000000,0
VM1_FULLVM1_MBB,d0321304160332,YES,297982408,1,1,2015-01-17 04:01:02.000000,0
VM1_FULLVM1_MBB,,YES,17489,0,4,2015-01-17 04:00:55.000000,0
VM1_FULLVM1_MBB,,YES,548348412533,0,11259,2015-01-13 20:00:47.000000,0
VM1_FULLVM1_MBB,i032s010,YES,548348288783,1,1,2015-01-13 20:00:48.000000,0
VM1_FULLVM1_MBB,,YES,20597,0,4,2015-01-13 20:00:44.000000,0
VM1_FULLVM1_MBB,,NO,37703670920,0,289,2015-01-13 14:22:53.000000,0
VM1_FULLVM1_MBB,,NO,8378603894,0,224,2015-01-13 14:40:30.000000,0
VM1_FULLVM1_MBB,,YES,0,2,0,2015-01-13 14:26:17.000000,2
VM1_FULLVM1_MBB,,YES,3123135345,0,156,2015-01-10 00:00:08.000000,0
VM1_FULLVM1_MBB,,YES,1002853871933,0,15231,2015-01-13 20:00:51.000000,0
VM1_FULLVM1_MBB,d032s010,YES,1002853725077,1,1,2015-01-13 20:00:45.000000,0
VM1_FULLVM1_MBB,i032s010,NO,0,1,0,2015-01-13 14:26:31.000000,1
VM1_FULLVM1_MBB,,YES,20597,0,6,2015-01-13 14:22:46.000000,0
VM1_FULLVM1_MBB,,YES,0,2,0,2015-01-13 14:12:43.000000,2
VM1_FULLVM1_MBB,d032s010,NO,0,1,0,2015-01-13 14:12:56.000000,1
VM1_FULLVM1_MBB,,YES,0,2,0,2015-01-13 14:05:47.000000,2
VM1_FULLVM1_MBB,d032s010,NO,0,1,0,2015-01-13 14:05:59.000000,1
VM1_FULLVM1_MBB,,NO,5496656435,0,47,2015-01-13 13:44:45.000000,0
VM1_FULLVM1_MBB,,YES,20592,0,4,2015-01-13 13:44:38.000000,0
VM1_FULLVM1_MBB,,YES,0,2,0,2015-01-13 13:24:38.000000,2
VM1_FULLVM1_MBB,d032s010,NO,0,1,0,2015-01-13 13:24:51.000000,1
VM1_FULLVM1_MBB,,YES,0,2,0,2015-01-13 13:23:30.000000,2
VM1_FULLVM1_MBB,d032s010:vmdk:Hard Disk 1,NO,0,1,0,2015-01-13 13:23:42.000000,1
VM1_FULLVM1_MBB,i032aw000993,YES,3123133706,1,1,2015-01-10 00:00:08.000000,0
VM1_FULLVM1_MBB,,YES,490808046,0,124,2015-01-09 17:58:46.000000,0
VM1_FULLVM1_MBB,i032aw000991,YES,490806759,1,1,2015-01-09 17:58:46.000000,0
VM1_FULLVM1_MBB,,YES,4613940754,0,261,2015-01-09 17:51:33.000000,0
VM1_FULLVM1_MBB,i032aw000201,YES,4613937982,1,1,2015-01-09 17:51:33.000000,0
VM1_FULLVM1_MBB,,YES,15272085293,0,896,2015-01-09 17:32:44.000000,0
VM1_FULLVM1_MBB,i098a070,YES,15272075514,1,1,2015-01-09 17:32:45.000000,0
VM1_FULLVM1_MBB,,YES,26089900773,0,412,2015-01-09 17:17:59.000000,0
VM1_FULLVM1_MBB,i032a010,YES,26089914566,1,1,2015-01-09 17:17:33.000000,0
VM1_FULLVM1_MBB,,YES,18259,0,4,2015-01-09 17:17:32.000000,0
VM1_FULLVM1_MBB,,YES,7339941555,0,492,2015-01-09 17:11:07.000000,0
VM1_FULLVM1_MBB,i032mw000900,YES,7339936220,1,1,2015-01-09 17:11:07.000000,0
VM1_FULLVM1_MBB,,YES,12623,0,6,2015-01-09 17:10:35.000000,0
VM1_FULLVM1_MBB,i032al000900,YES,12612,1,1,2015-01-09 17:10:34.000000,0
VM1_FULLVM1_MBB,,YES,178175829548,0,3223,2015-01-09 15:28:34.000000,0
VM1_FULLVM1_MBB,i032g050,YES,178175794238,1,1,2015-01-09 15:28:34.000000,0
VM1_FULLVM1_MBB,,YES,50691994974,0,790,2015-01-09 20:43:39.000000,0
VM1_FULLVM1_MBB,i032a040,YES,50692004668,1,1,2015-01-09 20:43:17.000000,0
VM1_FULLVM1_MBB,,YES,18318,0,4,2015-01-09 20:43:16.000000,0
VM1_FULLVM1_MBB,,YES,8663841362,0,794,2015-01-09 20:29:47.000000,0
VM1_FULLVM1_MBB,i098a075,YES,8663832705,1,1,2015-01-09 20:29:47.000000,0
VM1_FULLVM1_MBB,,YES,8121358036,0,484,2015-01-09 20:17:29.000000,0
VM1_FULLVM1_MBB,i032aw000030,YES,8121352789,1,1,2015-01-09 20:17:30.000000,0
VM1_FULLVM1_MBB,,YES,41727792869,0,972,2015-01-09 19:32:21.000000,0
VM1_FULLVM1_MBB,i098a074,YES,41727782254,1,1,2015-01-09 19:32:22.000000,0
VM1_FULLVM1_MBB,,YES,6119769325,0,396,2015-01-09 19:21:22.000000,0
VM1_FULLVM1_MBB,i032a517,YES,6119765046,1,1,2015-01-09 19:21:22.000000,0
VM1_FULLVM1_MBB,,YES,6721045516,0,528,2015-01-09 19:08:54.000000,0
VM1_FULLVM1_MBB,i032p001,YES,6721039785,1,1,2015-01-09 19:08:54.000000,0
VM1_FULLVM1_MBB,,YES,8443014925,0,410,2015-01-09 18:56:31.000000,0
VM1_FULLVM1_MBB,i032a045,YES,8443010492,1,1,2015-01-09 18:56:31.000000,0
VM1_FULLVM1_MBB,,YES,39519703271,0,600,2015-01-09 18:12:33.000000,0
VM1_FULLVM1_MBB,i098m504,YES,39519715490,1,1,2015-01-09 18:11:52.000000,0
VM1_FULLVM1_MBB,,YES,18753,0,4,2015-01-09 18:11:52.000000,0
VM1_FULLVM1_MBB,,YES,6587199222,0,538,2015-01-09 18:00:47.000000,0
VM1_FULLVM1_MBB,i032p002,YES,6587193381,1,1,2015-01-09 18:00:47.000000,0
VM1_FULLVM1_MBB,,YES,257950561113,0,3881,2015-01-09 12:51:06.000000,0
VM1_FULLVM1_MBB,i032g052,YES,257950540723,1,1,2015-01-09 12:50:25.000000,0
VM1_FULLVM1_MBB,,YES,22169,0,4,2015-01-09 12:50:24.000000,0
VM1_FULLVM1_MBB,,YES,81825416287,0,1786,2015-01-09 12:02:52.000000,0
VM1_FULLVM1_MBB,i032mw000194,YES,81825396718,1,1,2015-01-09 12:02:53.000000,0
VM1_FULLVM1_MBB,,YES,38378188603,0,1334,2015-01-09 11:31:00.000000,0
VM1_FULLVM1_MBB,i098a072,YES,38378174006,1,1,2015-01-09 11:31:01.000000,0
VM1_FULLVM1_MBB,,YES,21392163434,0,773,2015-01-09 11:17:04.000000,0
VM1_FULLVM1_MBB,i032al000800,YES,21392172201,1,1,2015-01-09 11:17:00.000000,0
VM1_FULLVM1_MBB,,YES,17226,0,4,2015-01-09 11:16:59.000000,0
VM1_FULLVM1_MBB,,YES,70917707,0,184,2015-01-09 11:09:34.000000,0
VM1_FULLVM1_MBB,d032mw999001,YES,70915760,1,1,2015-01-09 11:09:34.000000,0
VM1_FULLVM1_MBB,,YES,21461058859,0,344,2015-01-09 10:45:40.000000,0
VM1_FULLVM1_MBB,d032mw999001,YES,21461055152,1,1,2015-01-09 10:45:41.000000,0
VM1_FULLVM1_MBB,d032mw999001,NO,0,1,0,2015-01-09 10:35:07.000000,1
VM1_FULLVM1_MBB,,YES,0,2,0,2015-01-09 10:34:30.000000,2
VM1_FULLVM1_MBB,d032cw999010,NO,0,1,0,2015-01-09 10:34:42.000000,1
VM1_FULLVM1_MBB,,YES,0,2,0,2015-01-09 10:34:04.000000,2
VM1_FULLVM1_MBB,d032cw999011,NO,0,1,0,2015-01-09 10:34:17.000000,1
VM1_FULLVM1_MBB,,YES,0,2,0,2015-01-09 10:32:09.000000,2
VM1_FULLVM1_MBB,d032s010,NO,0,1,0,2015-01-09 10:32:22.000000,1
VM1_FULLVM1_MBB,,YES,0,2,0,2015-01-09 10:32:57.000000,2
VM1_FULLVM1_MBB,d032s010,NO,0,1,0,2015-01-11 18:06:36.000000,1
VM1_FULLVM1_MBB,,YES,0,2,0,2015-01-11 18:06:23.000000,2
VM1_FULLVM1_MBB,d032a515,NO,0,1,0,2015-01-09 10:33:09.000000,1
VM1_FULLVM1_MBB,,YES,5965751018,0,650,2015-01-07 10:32:28.000000,0
VM1_FULLVM1_MBB,i032a055,YES,5965743945,1,1,2015-01-07 10:32:28.000000,0
VM1_FULLVM1_MBB,i032aw000080,YES,23635783359,1,1,2015-01-12 14:41:13.000000,0
VM1_FULLVM1_MBB,,YES,23635787363,0,369,2015-01-12 14:41:13.000000,0
VM1_FULLVM1_MBB,,YES,0,2,0,2015-01-11 18:11:46.000000,2
VM1_FULLVM1_MBB,d032s010,NO,0,1,0,2015-01-11 18:11:59.000000,1
VM1_FULLVM2_MBB,,YES,3899327407,0,679,2015-01-11 02:27:43.000000,0
VM1_FULLVM2_MBB,s032m535,YES,3899320037,1,1,2015-01-11 02:27:44.000000,0
VM1_FULLVM2_MBB,,YES,2087887966,0,252,2015-01-11 02:24:22.000000,0
VM1_FULLVM2_MBB,s098m533,YES,2087885271,1,1,2015-01-11 02:24:22.000000,0
VM1_FULLVM2_MBB,,YES,25784095600,0,394,2015-01-11 02:15:22.000000,0
VM1_FULLVM2_MBB,s098m532,YES,25784091343,1,1,2015-01-11 02:15:22.000000,0
VM1_FULLVM2_MBB,,YES,25784094386,0,394,2015-01-11 02:00:43.000000,0
VM1_FULLVM2_MBB,s098m531,YES,25784090129,1,1,2015-01-11 02:00:43.000000,0
VM1_FULLVM2_MBB,c032v0090000004,YES,69818728,1,1,2015-01-29 09:40:03.000000,0
VM1_FULLVM2_MBB,,YES,69820070,0,127,2015-01-29 09:40:03.000000,0
VM1_FULLVM2_MBB,c032v0090000033,YES,1570008916,1,1,2015-01-29 09:40:00.000000,0
VM1_FULLVM2_MBB,,YES,1570015384,0,593,2015-01-29 09:39:59.000000,0
VM1_FULLVM2_MBB,c032v0090000046,YES,3982015724,1,1,2015-01-29 09:48:04.000000,0
VM1_FULLVM2_MBB,,YES,3982022434,0,615,2015-01-29 09:48:03.000000,0
VM1_FULLVM2_MBB,c032v0090000025,YES,2686613592,1,1,2015-01-29 09:50:21.000000,0
VM1_FULLVM2_MBB,,YES,2686618432,0,445,2015-01-29 09:50:20.000000,0
VM1_FULLVM2_MBB,c032v0090000031,YES,2361513404,1,1,2015-01-29 09:51:46.000000,0
VM1_FULLVM2_MBB,,YES,2361516792,0,313,2015-01-29 09:51:45.000000,0
VM1_FULLVM2_MBB,c032v0090000030,YES,2852811827,1,1,2015-01-29 09:52:34.000000,0
VM1_FULLVM2_MBB,,YES,2852816975,0,473,2015-01-29 09:52:34.000000,0
VM1_FULLVM2_MBB,c032v0090000044,YES,1540560108,1,1,2015-01-29 09:53:47.000000,0
VM1_FULLVM2_MBB,,YES,1540566356,0,573,2015-01-29 09:53:47.000000,0
VM1_FULLVM2_MBB,c032v0090000043,YES,1678567613,1,1,2015-01-29 09:54:58.000000,0
VM1_FULLVM2_MBB,,YES,1678572343,0,435,2015-01-29 09:54:58.000000,0
VM1_FULLVM2_MBB,c032v0090000027,YES,285269389,1,1,2015-01-29 09:56:29.000000,0
VM1_FULLVM2_MBB,,YES,285272139,0,255,2015-01-29 09:56:29.000000,0
VM1_FULLVM2_MBB,c032v0090000045,YES,1570423516,1,1,2015-01-29 09:57:08.000000,0
VM1_FULLVM2_MBB,,YES,1570429214,0,523,2015-01-29 09:57:07.000000,0
VM1_FULLVM2_MBB,c032v0090000042,YES,2529339748,1,1,2015-01-29 09:58:36.000000,0
VM1_FULLVM2_MBB,,YES,2529343774,0,371,2015-01-29 09:58:36.000000,0
VM1_FULLVM2_MBB,c032v0090000023,YES,8877185023,1,1,2015-01-29 09:55:25.000000,0
VM1_FULLVM2_MBB,,YES,8877192283,0,665,2015-01-29 09:55:25.000000,0
VM1_FULLVM2_MBB,c032v0090000041,YES,2238171989,1,1,2015-01-29 10:01:43.000000,0
VM1_FULLVM2_MBB,,YES,2238176037,0,373,2015-01-29 10:01:43.000000,0
VM1_FULLVM2_MBB,c032v0090000029,YES,1673529940,1,1,2015-01-29 09:40:07.000000,0
VM1_FULLVM2_MBB,,YES,1673536012,0,557,2015-01-29 09:40:07.000000,0
VM1_FULLVM2_MBB,c032v0090000012,YES,1842400652,1,1,2015-01-29 09:39:56.000000,0
VM1_FULLVM2_MBB,,YES,1842405382,0,435,2015-01-29 09:39:56.000000,0
VM1_FULLVM2_MBB,c032v0090000002,YES,1643551821,1,1,2015-01-29 09:40:38.000000,0
VM1_FULLVM2_MBB,,YES,1643555693,0,357,2015-01-29 09:40:38.000000,0
VM1_FULLVM2_MBB,c032v0090000011,YES,17028,1,1,2015-01-29 09:41:58.000000,0
VM1_FULLVM2_MBB,,YES,17039,0,6,2015-01-29 09:41:58.000000,0
VM1_FULLVM2_MBB,c032v0090000026,YES,16666,1,1,2015-01-29 09:42:19.000000,0
VM1_FULLVM2_MBB,,YES,16677,0,6,2015-01-29 09:42:19.000000,0
VM1_FULLVM2_MBB,c032v0090000007,YES,2056269821,1,1,2015-01-29 09:41:48.000000,0
VM1_FULLVM2_MBB,,YES,2056275607,0,531,2015-01-29 09:41:48.000000,0
VM1_FULLVM2_MBB,c032v0090000040,YES,1793355274,1,1,2015-01-29 09:42:34.000000,0
VM1_FULLVM2_MBB,,YES,1793361104,0,535,2015-01-29 09:42:34.000000,0
VM1_FULLVM2_MBB,c032v0090000022,YES,2870570758,1,1,2015-01-29 09:42:10.000000,0
VM1_FULLVM2_MBB,,YES,2870574751,0,370,2015-01-29 09:42:10.000000,0
VM1_FULLVM2_MBB,c032v0090000021,YES,195229190,1,1,2015-01-29 09:45:01.000000,0
VM1_FULLVM2_MBB,,YES,195230466,0,121,2015-01-29 09:45:01.000000,0
VM1_FULLVM2_MBB,c032v0090000038,YES,1481366970,1,1,2015-01-29 09:44:24.000000,0
VM1_FULLVM2_MBB,,YES,1481372536,0,511,2015-01-29 09:44:24.000000,0
VM1_FULLVM2_MBB,c032v0090000028,YES,2811191879,1,1,2015-01-29 09:43:52.000000,0
VM1_FULLVM2_MBB,,YES,2811197511,0,517,2015-01-29 09:43:51.000000,0
VM1_FULLVM2_MBB,c032v0090000039,YES,1591341052,1,1,2015-01-29 09:45:54.000000,0
VM1_FULLVM2_MBB,,YES,1591346464,0,497,2015-01-29 09:45:53.000000,0
VM1_FULLVM2_MBB,c032v0090000024,YES,7121834567,1,1,2015-01-29 09:41:53.000000,0
VM1_FULLVM2_MBB,,YES,7121844225,0,883,2015-01-29 09:41:53.000000,0
VM1_FULLVM2_MBB,,YES,3050658253,0,365,2015-01-29 09:47:28.000000,0
VM1_FULLVM2_MBB,c032v0090000032,YES,3050654293,1,1,2015-01-29 09:47:29.000000,0
VM1_FULLVM2_MBB,,YES,1730588341,0,447,2015-01-29 09:46:23.000000,0
VM1_FULLVM2_MBB,c032v0090000008,YES,1730583479,1,1,2015-01-29 09:46:23.000000,0
VM1_FULLVM2_MBB,,YES,2608805225,0,395,2015-01-25 18:23:54.000000,0
VM1_FULLVM2_MBB,c032v0090000003,YES,2608800935,1,1,2015-01-25 18:23:55.000000,0
VM1_FULLVM2_MBB,,YES,3607629365,0,391,2015-01-25 18:21:28.000000,0
VM1_FULLVM2_MBB,c032v0090000042,YES,3607625119,1,1,2015-01-25 18:21:28.000000,0
VM1_FULLVM2_MBB,,YES,2859749970,0,395,2015-01-25 18:19:48.000000,0
VM1_FULLVM2_MBB,c032v0090000041,YES,2859745680,1,1,2015-01-25 18:19:48.000000,0
VM1_FULLVM2_MBB,,YES,2060917421,0,647,2015-01-25 18:19:49.000000,0
VM1_FULLVM2_MBB,c032v0090000045,YES,2060910359,1,1,2015-01-25 18:19:49.000000,0
VM1_FULLVM2_MBB,,YES,322758790,0,255,2015-01-25 18:19:13.000000,0
VM1_FULLVM2_MBB,c032v0090000027,YES,322756040,1,1,2015-01-25 18:19:14.000000,0
VM1_FULLVM2_MBB,,YES,5120782806,0,601,2015-01-25 18:16:19.000000,0
VM1_FULLVM2_MBB,c032v0090000023,YES,5120776250,1,1,2015-01-25 18:16:19.000000,0
VM1_FULLVM2_MBB,,YES,4471417029,0,623,2015-01-25 18:15:59.000000,0
VM1_FULLVM2_MBB,c032v0090000039,YES,4471410231,1,1,2015-01-25 18:16:00.000000,0
VM1_FULLVM2_MBB,,YES,1785456813,0,599,2015-01-25 18:14:46.000000,0
VM1_FULLVM2_MBB,c032v0090000044,YES,1785450279,1,1,2015-01-25 18:14:47.000000,0
VM1_FULLVM2_MBB,,YES,2899999799,0,369,2015-01-25 18:13:54.000000,0
VM1_FULLVM2_MBB,c032v0090000025,YES,2899995795,1,1,2015-01-25 18:13:55.000000,0
VM1_FULLVM2_MBB,,YES,2937665187,0,393,2015-01-25 18:12:40.000000,0
VM1_FULLVM2_MBB,c032v0090000031,YES,2937660919,1,1,2015-01-25 18:12:41.000000,0
VM1_FULLVM2_MBB,,YES,3493107844,0,519,2015-01-25 18:11:24.000000,0
VM1_FULLVM2_MBB,c032v0090000030,YES,3493102190,1,1,2015-01-25 18:11:25.000000,0
VM1_FULLVM2_MBB,,YES,1940028458,0,429,2015-01-25 18:11:03.000000,0
VM1_FULLVM2_MBB,c032v0090000008,YES,1940023794,1,1,2015-01-25 18:11:03.000000,0
VM1_FULLVM2_MBB,,YES,3459641218,0,539,2015-01-25 18:08:48.000000,0
VM1_FULLVM2_MBB,c032v0090000032,YES,3459635344,1,1,2015-01-25 18:08:48.000000,0
VM1_FULLVM2_MBB,,YES,5030553771,0,785,2015-01-25 18:07:13.000000,0
VM1_FULLVM2_MBB,c032v0090000046,YES,5030545191,1,1,2015-01-25 18:07:13.000000,0
VM1_FULLVM2_MBB,,YES,2242417786,0,459,2015-01-25 18:06:50.000000,0
VM1_FULLVM2_MBB,c032v0090000043,YES,2242412792,1,1,2015-01-25 18:06:51.000000,0
VM1_FULLVM2_MBB,,YES,7998812073,0,875,2015-01-25 18:02:56.000000,0
VM1_FULLVM2_MBB,c032v0090000024,YES,7998802503,1,1,2015-01-25 18:02:56.000000,0
VM1_FULLVM2_MBB,,YES,3537240282,0,525,2015-01-25 18:04:25.000000,0
VM1_FULLVM2_MBB,c032v0090000028,YES,3537234562,1,1,2015-01-25 18:04:25.000000,0
VM1_FULLVM2_MBB,,YES,214253417,0,125,2015-01-25 18:06:37.000000,0
VM1_FULLVM2_MBB,c032v0090000021,YES,214252097,1,1,2015-01-25 18:06:37.000000,0
VM1_FULLVM2_MBB,,YES,1892296254,0,529,2015-01-25 18:05:06.000000,0
VM1_FULLVM2_MBB,c032v0090000038,YES,1892290490,1,1,2015-01-25 18:05:06.000000,0
VM1_FULLVM2_MBB,,YES,3783537859,0,606,2015-01-25 18:03:17.000000,0
VM1_FULLVM2_MBB,c032v0090000022,YES,3783531270,1,1,2015-01-25 18:03:18.000000,0
VM1_FULLVM2_MBB,,YES,1790888429,0,509,2015-01-25 18:03:21.000000,0
VM1_FULLVM2_MBB,c032v0090000040,YES,1790882885,1,1,2015-01-25 18:03:22.000000,0
VM1_FULLVM2_MBB,,YES,2208017684,0,537,2015-01-25 18:02:36.000000,0
VM1_FULLVM2_MBB,c032v0090000007,YES,2208011832,1,1,2015-01-25 18:02:36.000000,0
VM1_FULLVM2_MBB,,YES,16736,0,6,2015-01-25 18:03:01.000000,0
VM1_FULLVM2_MBB,c032v0090000026,YES,16725,1,1,2015-01-25 18:03:02.000000,0
VM1_FULLVM2_MBB,,YES,1804686870,0,367,2015-01-25 18:01:40.000000,0
VM1_FULLVM2_MBB,c032v0090000002,YES,1804682888,1,1,2015-01-25 18:01:40.000000,0
VM1_FULLVM2_MBB,,YES,17098,0,6,2015-01-25 18:02:40.000000,0
VM1_FULLVM2_MBB,c032v0090000011,YES,17087,1,1,2015-01-25 18:02:40.000000,0
VM1_FULLVM2_MBB,,YES,2026137203,0,561,2015-01-25 18:00:57.000000,0
VM1_FULLVM2_MBB,c032v0090000029,YES,2026131087,1,1,2015-01-25 18:00:58.000000,0
VM1_FULLVM2_MBB,,YES,1907377613,0,471,2015-01-25 18:00:49.000000,0
VM1_FULLVM2_MBB,c032v0090000012,YES,1907372487,1,1,2015-01-25 18:00:50.000000,0
VM1_FULLVM2_MBB,,YES,1898193371,0,617,2015-01-25 18:00:46.000000,0
VM1_FULLVM2_MBB,c032v0090000033,YES,1898186639,1,1,2015-01-25 18:00:46.000000,0
VM1_FULLVM2_MBB,,YES,198501596,0,225,2015-01-25 18:00:53.000000,0
VM1_FULLVM2_MBB,c032v0090000004,YES,198499176,1,1,2015-01-25 18:00:53.000000,0
VM1_FULLVM2_MBB,,YES,2334126099,0,481,2015-01-25 16:22:23.000000,0
VM1_FULLVM2_MBB,s032t097,YES,2334120863,1,1,2015-01-25 16:22:24.000000,0
VM1_FULLVM2_MBB,,YES,2870667480,0,255,2015-01-25 16:19:00.000000,0
VM1_FULLVM2_MBB,s032t053,YES,2870664730,1,1,2015-01-25 16:19:00.000000,0
VM1_FULLVM2_MBB,,YES,5693849017,0,275,2015-01-25 16:13:31.000000,0
VM1_FULLVM2_MBB,s032t001,YES,1912383652,1,1,2015-01-11 16:00:52.000000,0
VM1_FULLVM2_MBB,,YES,1912386204,0,237,2015-01-11 16:00:51.000000,0
VM1_FULLVM2_MBB,s032t003,YES,4903251604,1,1,2015-01-11 16:03:08.000000,0
VM1_FULLVM2_MBB,,YES,4903259447,0,720,2015-01-11 16:03:08.000000,0
VM1_FULLVM2_MBB,s032t052,YES,5693846047,1,1,2015-01-25 16:13:32.000000,0
VM1_FULLVM2_MBB,s032t004,YES,5136975988,1,1,2015-01-11 16:07:56.000000,0
VM1_FULLVM2_MBB,,YES,5136983061,0,650,2015-01-11 16:07:56.000000,0
VM1_FULLVM2_MBB,s032t052,YES,7907472931,1,1,2015-01-11 16:13:02.000000,0
VM1_FULLVM2_MBB,,YES,7907475945,0,279,2015-01-11 16:13:02.000000,0
VM1_FULLVM2_MBB,s032t053,YES,2902908442,1,1,2015-01-11 16:19:01.000000,0
VM1_FULLVM2_MBB,,YES,5199185451,0,652,2015-01-25 16:08:20.000000,0
VM1_FULLVM2_MBB,s032t004,YES,5199178356,1,1,2015-01-25 16:08:20.000000,0
VM1_FULLVM2_MBB,,YES,5476738623,0,744,2015-01-25 16:03:08.000000,0
VM1_FULLVM2_MBB,s032t003,YES,5476730516,1,1,2015-01-25 16:03:09.000000,0
VM1_FULLVM2_MBB,,YES,2089586822,0,235,2015-01-25 16:00:45.000000,0
VM1_FULLVM2_MBB,s032t001,YES,2089584292,1,1,2015-01-25 16:00:46.000000,0
VM1_FULLVM2_MBB,,YES,2902911192,0,255,2015-01-11 16:19:01.000000,0
VM1_FULLVM2_MBB,s032t097,YES,2275195295,1,1,2015-01-11 16:22:24.000000,0
VM1_FULLVM2_MBB,,YES,2275200509,0,479,2015-01-11 16:22:23.000000,0
VM1_FULLVM2_MBB,,YES,6909397192,0,1054,2015-01-25 03:55:25.000000,0
VM1_FULLVM2_MBB,s032t100,YES,6909385675,1,1,2015-01-25 03:55:25.000000,0
VM1_FULLVM2_MBB,,YES,65592269232,0,2141,2015-01-25 03:31:42.000000,0
VM1_FULLVM2_MBB,sfses051,YES,65592245780,1,1,2015-01-25 03:31:42.000000,0
VM1_FULLVM2_MBB,,YES,68150658939,0,2213,2015-01-25 03:06:43.000000,0
VM1_FULLVM2_MBB,s032s051,YES,68150634695,1,1,2015-01-25 03:06:43.000000,0
VM1_FULLVM2_MBB,,YES,57776761387,0,2001,2015-01-25 02:45:25.000000,0
VM1_FULLVM2_MBB,s032s050,YES,57776739475,1,1,2015-01-25 02:45:25.000000,0
VM1_FULLVM2_MBB,,YES,6045323212,0,1331,2015-01-25 02:40:46.000000,0
VM1_FULLVM2_MBB,s032s011,YES,6045308670,1,1,2015-01-25 02:40:47.000000,0
VM1_FULLVM2_MBB,,YES,120730376958,0,4809,2015-01-25 02:00:46.000000,0
VM1_FULLVM2_MBB,s032s010,YES,120730324158,1,1,2015-01-25 02:00:46.000000,0
VM1_FULLVM2_MBB,,YES,3189364858,0,270,2015-01-09 22:29:14.000000,0
VM1_FULLVM2_MBB,s032mw999021,YES,3189361965,1,1,2015-01-09 22:29:14.000000,0
VM1_FULLVM2_MBB,,YES,0,2,0,2015-01-09 22:28:31.000000,4
VM1_FULLVM2_MBB,s098m534,NO,0,1,0,2015-01-09 22:28:47.000000,1
VM1_FULLVM2_MBB,s098m534,NO,0,1,0,2015-01-09 22:28:44.000000,1
VM1_FULLVM2_MBB,,YES,7847225612,0,410,2015-01-09 22:24:01.000000,0
VM1_FULLVM2_MBB,s032m502,YES,7847221179,1,1,2015-01-09 22:24:02.000000,0
VM1_FULLVM2_MBB,,YES,5666423917,0,344,2015-01-09 22:20:22.000000,0
VM1_FULLVM2_MBB,s032aw000031,YES,5666420210,1,1,2015-01-09 22:20:22.000000,0
VM1_FULLVM2_MBB,,YES,2969910304,0,577,2015-01-09 22:17:11.000000,0
VM1_FULLVM2_MBB,s032b031,YES,2969904056,1,1,2015-01-09 22:17:11.000000,0
VM1_FULLVM2_MBB,,YES,10939604090,0,666,2015-01-09 22:10:59.000000,0
VM1_FULLVM2_MBB,s098a026,YES,10939596885,1,1,2015-01-09 22:10:59.000000,0
VM1_FULLVM2_MBB,,YES,2297702516,0,440,2015-01-09 22:08:23.000000,0
VM1_FULLVM2_MBB,s098a156,YES,2297697753,1,1,2015-01-09 22:08:23.000000,0
VM1_FULLVM2_MBB,,YES,7595995534,0,598,2015-01-09 22:02:54.000000,0
VM1_FULLVM2_MBB,s098m504,YES,7595989033,1,1,2015-01-09 22:02:54.000000,0
VM1_FULLVM2_MBB,,YES,24766985953,0,396,2015-01-09 21:54:09.000000,0
VM1_FULLVM2_MBB,s032aw000121,YES,24766981674,1,1,2015-01-09 21:54:10.000000,0
VM1_FULLVM2_MBB,,YES,2692759660,0,276,2015-01-09 21:51:07.000000,0
VM1_FULLVM2_MBB,s032a120,YES,2692756701,1,1,2015-01-09 21:51:07.000000,0
VM1_FULLVM2_MBB,,YES,2162984330,0,279,2015-01-09 21:46:27.000000,0
VM1_FULLVM2_MBB,s032a521,YES,2162981316,1,1,2015-01-09 21:46:28.000000,0
VM1_FULLVM2_MBB,,YES,1372028202,0,460,2015-01-09 21:43:42.000000,0
VM1_FULLVM2_MBB,s032m990,YES,1372023219,1,1,2015-01-09 21:43:43.000000,0
VM1_FULLVM2_MBB,,YES,9389435852,0,474,2015-01-09 21:37:51.000000,0
VM1_FULLVM2_MBB,s032a040,YES,9389430715,1,1,2015-01-09 21:37:52.000000,0
VM1_FULLVM2_MBB,c032v0090000004,YES,396408680,1,1,2015-01-11 18:00:59.000000,0
VM1_FULLVM2_MBB,,YES,396414224,0,509,2015-01-11 18:00:58.000000,0
VM1_FULLVM2_MBB,c032v0090000033,YES,1610540431,1,1,2015-01-11 18:00:52.000000,0
VM1_FULLVM2_MBB,,YES,1610547141,0,615,2015-01-11 18:00:51.000000,0
VM1_FULLVM2_MBB,c032v0090000039,YES,1721404007,1,1,2015-01-11 18:00:55.000000,0
VM1_FULLVM2_MBB,,YES,1721409353,0,491,2015-01-11 18:00:54.000000,0
VM1_FULLVM2_MBB,,YES,2021523949,0,407,2015-01-18 18:22:37.000000,0
VM1_FULLVM2_MBB,c032v0090000003,YES,2021519527,1,1,2015-01-18 18:22:37.000000,0
VM1_FULLVM2_MBB,,YES,3812975377,0,411,2015-01-18 18:20:08.000000,0
VM1_FULLVM2_MBB,c032v0090000042,YES,3812970911,1,1,2015-01-18 18:20:08.000000,0
VM1_FULLVM2_MBB,,YES,3200497812,0,401,2015-01-18 18:18:08.000000,0
VM1_FULLVM2_MBB,c032v0090000041,YES,3200493456,1,1,2015-01-18 18:18:09.000000,0
VM1_FULLVM2_MBB,,YES,2243312835,0,649,2015-01-18 18:18:27.000000,0
VM1_FULLVM2_MBB,c032v0090000045,YES,2243305751,1,1,2015-01-18 18:18:27.000000,0
VM1_FULLVM2_MBB,,YES,300555266,0,243,2015-01-18 18:17:43.000000,0
VM1_FULLVM2_MBB,c032v0090000027,YES,300552648,1,1,2015-01-18 18:17:44.000000,0
VM1_FULLVM2_MBB,,YES,2020899739,0,549,2015-01-18 18:16:27.000000,0
VM1_FULLVM2_MBB,c032v0090000023,YES,2020893755,1,1,2015-01-18 18:16:27.000000,0
VM1_FULLVM2_MBB,,YES,4028174951,0,513,2015-01-18 18:14:58.000000,0
VM1_FULLVM2_MBB,c032v0090000025,YES,4028169363,1,1,2015-01-18 18:14:59.000000,0
VM1_FULLVM2_MBB,,YES,1914942951,0,581,2015-01-18 18:14:51.000000,0
VM1_FULLVM2_MBB,c032v0090000044,YES,1914936615,1,1,2015-01-18 18:14:52.000000,0
VM1_FULLVM2_MBB,,YES,4017041986,0,513,2015-01-18 18:12:20.000000,0
VM1_FULLVM2_MBB,c032v0090000030,YES,4017036398,1,1,2015-01-18 18:12:21.000000,0
VM1_FULLVM2_MBB,,YES,3141975985,0,371,2015-01-18 18:12:36.000000,0
VM1_FULLVM2_MBB,c032v0090000031,YES,3141971959,1,1,2015-01-18 18:12:37.000000,0
VM1_FULLVM2_MBB,,YES,1983286490,0,445,2015-01-18 18:10:55.000000,0
VM1_FULLVM2_MBB,c032v0090000008,YES,1983281650,1,1,2015-01-18 18:10:55.000000,0
VM1_FULLVM2_MBB,,YES,3618819436,0,537,2015-01-18 18:09:46.000000,0
VM1_FULLVM2_MBB,c032v0090000032,YES,3618813584,1,1,2015-01-18 18:09:47.000000,0
VM1_FULLVM2_MBB,,YES,5286135445,0,783,2015-01-18 18:07:07.000000,0
VM1_FULLVM2_MBB,c032v0090000046,YES,5286126887,1,1,2015-01-18 18:07:07.000000,0
VM1_FULLVM2_MBB,,YES,1901206920,0,437,2015-01-18 18:08:11.000000,0
VM1_FULLVM2_MBB,c032v0090000043,YES,1901202168,1,1,2015-01-18 18:08:10.000000,0
VM1_FULLVM2_MBB,,YES,1745215836,0,555,2015-01-18 18:06:41.000000,0
VM1_FULLVM2_MBB,c032v0090000038,YES,1745209786,1,1,2015-01-18 18:06:42.000000,0
VM1_FULLVM2_MBB,,YES,3626408600,0,519,2015-01-18 18:04:32.000000,0
VM1_FULLVM2_MBB,c032v0090000028,YES,3626402946,1,1,2015-01-18 18:04:33.000000,0
VM1_FULLVM2_MBB,,YES,1759356887,0,507,2015-01-18 18:05:01.000000,0
VM1_FULLVM2_MBB,c032v0090000040,YES,1759351365,1,1,2015-01-18 18:05:01.000000,0
VM1_FULLVM2_MBB,,YES,1829647360,0,365,2015-01-18 18:04:44.000000,0
VM1_FULLVM2_MBB,c032v0090000002,YES,1829643400,1,1,2015-01-18 18:04:45.000000,0
VM1_FULLVM2_MBB,,YES,2239998323,0,777,2015-01-18 18:03:20.000000,0
VM1_FULLVM2_MBB,c032v0090000024,YES,2239989831,1,1,2015-01-18 18:03:20.000000,0
VM1_FULLVM2_MBB,,YES,1993895225,0,443,2015-01-18 18:03:15.000000,0
VM1_FULLVM2_MBB,c032v0090000039,YES,1993890407,1,1,2015-01-18 18:03:16.000000,0
VM1_FULLVM2_MBB,,YES,206258025,0,125,2015-01-18 18:04:18.000000,0
VM1_FULLVM2_MBB,c032v0090000021,YES,206256705,1,1,2015-01-18 18:04:19.000000,0
VM1_FULLVM2_MBB,,YES,2236167532,0,545,2015-01-18 18:02:41.000000,0
VM1_FULLVM2_MBB,c032v0090000007,YES,2236161592,1,1,2015-01-18 18:02:41.000000,0
VM1_FULLVM2_MBB,,YES,3847002703,0,642,2015-01-18 18:01:00.000000,0
VM1_FULLVM2_MBB,c032v0090000022,YES,3846995718,1,1,2015-01-18 18:01:01.000000,0
VM1_FULLVM2_MBB,,YES,1836663901,0,559,2015-01-18 18:01:46.000000,0
VM1_FULLVM2_MBB,c032v0090000029,YES,1836657807,1,1,2015-01-18 18:01:46.000000,0
VM1_FULLVM2_MBB,,YES,16736,0,6,2015-01-18 18:03:02.000000,0
VM1_FULLVM2_MBB,c032v0090000026,YES,16725,1,1,2015-01-18 18:03:02.000000,0
VM1_FULLVM2_MBB,,YES,17098,0,6,2015-01-18 18:02:46.000000,0
VM1_FULLVM2_MBB,c032v0090000011,YES,17087,1,1,2015-01-18 18:02:46.000000,0
VM1_FULLVM2_MBB,,YES,1959649163,0,465,2015-01-18 18:00:52.000000,0
VM1_FULLVM2_MBB,c032v0090000012,YES,1959644103,1,1,2015-01-18 18:00:53.000000,0
VM1_FULLVM2_MBB,,YES,1974874581,0,663,2015-01-18 18:00:49.000000,0
VM1_FULLVM2_MBB,c032v0090000033,YES,1974867343,1,1,2015-01-18 18:00:49.000000,0
VM1_FULLVM2_MBB,,YES,319912352,0,429,2015-01-18 18:00:56.000000,0
VM1_FULLVM2_MBB,c032v0090000004,YES,319907688,1,1,2015-01-18 18:00:56.000000,0
VM1_FULLVM2_MBB,,YES,2426466323,0,481,2015-01-18 16:21:44.000000,0
VM1_FULLVM2_MBB,s032t097,YES,2426461087,1,1,2015-01-18 16:21:45.000000,0
VM1_FULLVM2_MBB,,YES,2633606316,0,251,2015-01-18 16:18:30.000000,0
VM1_FULLVM2_MBB,s032t053,YES,2633603610,1,1,2015-01-18 16:18:31.000000,0
VM1_FULLVM2_MBB,,YES,5228691945,0,279,2015-01-18 16:13:13.000000,0
VM1_FULLVM2_MBB,s032t052,YES,5228688931,1,1,2015-01-18 16:13:14.000000,0
VM1_FULLVM2_MBB,,YES,5229144129,0,654,2015-01-18 16:08:02.000000,0
VM1_FULLVM2_MBB,s032t004,YES,5229137012,1,1,2015-01-18 16:08:02.000000,0
VM1_FULLVM2_MBB,,YES,4987844517,0,730,2015-01-18 16:03:10.000000,0
VM1_FULLVM2_MBB,s032t003,YES,4987836564,1,1,2015-01-18 16:03:10.000000,0
VM1_FULLVM2_MBB,,YES,1974252188,0,237,2015-01-18 16:00:48.000000,0
VM1_FULLVM2_MBB,s032t001,YES,1974249636,1,1,2015-01-18 16:00:48.000000,0
VM1_FULLVM2_MBB,c032v0090000029,YES,1886757519,1,1,2015-01-11 18:01:03.000000,0
VM1_FULLVM2_MBB,,YES,1886763855,0,581,2015-01-11 18:01:03.000000,0
VM1_FULLVM2_MBB,,YES,339896575519,0,10465,2015-01-13 22:57:48.000000,0
VM1_FULLVM2_MBB,s032s021,YES,339896460503,1,1,2015-01-13 22:57:48.000000,0
VM1_FULLVM2_MBB,,YES,126045693172,0,3499,2015-01-13 22:12:28.000000,0
VM1_FULLVM2_MBB,s032s011,YES,126045654782,1,1,2015-01-13 22:12:29.000000,0
VM1_FULLVM2_MBB,,YES,408821372510,0,8425,2015-01-13 20:00:47.000000,0
VM1_FULLVM2_MBB,s032s010,YES,408821279934,1,1,2015-01-13 20:00:47.000000,0
VM1_FULLVM2_MBB,,NO,22688652998,0,355,2015-01-13 14:39:33.000000,0
VM1_FULLVM2_MBB,,YES,0,2,0,2015-01-12 22:06:26.000000,4
VM1_FULLVM2_MBB,s098m534,NO,0,1,0,2015-01-12 22:06:42.000000,1
VM1_FULLVM2_MBB,s098m534,NO,0,1,0,2015-01-12 22:06:39.000000,1
VM1_FULLVM2_MBB,,YES,107551916161,0,2150,2015-01-12 21:32:59.000000,0
VM1_FULLVM2_MBB,s032a510,YES,107551892588,1,1,2015-01-12 21:33:00.000000,0
VM1_FULLVM2_MBB,,YES,27921562094,0,545,2015-01-12 21:23:28.000000,0
VM1_FULLVM2_MBB,s098ml000538,YES,27921556154,1,1,2015-01-12 21:23:29.000000,0
VM1_FULLVM2_MBB,,YES,56287222846,0,916,2015-01-12 21:05:51.000000,0
VM1_FULLVM2_MBB,s098a004,YES,56287212847,1,1,2015-01-12 21:05:51.000000,0
VM1_FULLVM2_MBB,,YES,22539941166,0,486,2015-01-12 20:58:11.000000,0
VM1_FULLVM2_MBB,s032aw000070,YES,22539935897,1,1,2015-01-12 20:58:12.000000,0
VM1_FULLVM2_MBB,,YES,27936242158,0,545,2015-01-12 20:48:51.000000,0
VM1_FULLVM2_MBB,s098ml000537,YES,27936236218,1,1,2015-01-12 20:48:51.000000,0
VM1_FULLVM2_MBB,,YES,42777248179,0,767,2015-01-12 20:36:32.000000,0
VM1_FULLVM2_MBB,s032ml000540,YES,42777239797,1,1,2015-01-12 20:36:32.000000,0
VM1_FULLVM2_MBB,,YES,0,2,0,2015-01-12 20:35:49.000000,4
VM1_FULLVM2_MBB,s098m534,NO,0,1,0,2015-01-12 20:36:04.000000,1
VM1_FULLVM2_MBB,s098m534,NO,0,1,0,2015-01-12 20:36:01.000000,1
VM1_FULLVM2_MBB,,YES,7549752738,0,514,2015-01-12 20:30:30.000000,0
VM1_FULLVM2_MBB,s098a105,YES,7549747161,1,1,2015-01-12 20:30:31.000000,0
VM1_FULLVM2_MBB,,YES,1082503292360,0,16485,2015-01-12 16:12:23.000000,0
VM1_FULLVM2_MBB,s032ml000010,YES,1082503111080,1,1,2015-01-12 16:12:23.000000,0
VM1_FULLVM2_MBB,,YES,0,2,0,2015-01-12 15:56:44.000000,2
VM1_FULLVM2_MBB,s032a052,NO,0,1,0,2015-01-12 15:56:57.000000,1
VM1_FULLVM2_MBB,,YES,32104272526,0,487,2015-01-12 15:44:22.000000,0
VM1_FULLVM2_MBB,s032ml000201,YES,32104267224,1,1,2015-01-12 15:44:23.000000,0
VM1_FULLVM2_MBB,c032v0090000007,YES,2276095032,1,1,2015-01-11 18:02:35.000000,0
VM1_FULLVM2_MBB,,YES,2276100862,0,535,2015-01-11 18:02:34.000000,0
VM1_FULLVM2_MBB,c032v0090000024,YES,2357718599,1,1,2015-01-11 18:02:55.000000,0
VM1_FULLVM2_MBB,,YES,2357727157,0,783,2015-01-11 18:02:55.000000,0
VM1_FULLVM2_MBB,,YES,33930,0,10,2015-01-09 17:09:34.000000,0
VM1_FULLVM2_MBB,,YES,0,2,0,2015-01-09 21:21:06.000000,2
VM1_FULLVM2_MBB,s032a510,NO,0,1,0,2015-01-09 21:21:18.000000,1
VM1_FULLVM2_MBB,,YES,35148340891,0,805,2015-01-09 21:21:18.000000,0
VM1_FULLVM2_MBB,s098ml000538,NO,0,1,0,2015-01-09 21:20:52.000000,1
VM1_FULLVM2_MBB,,YES,4114229726,0,380,2015-01-09 21:17:33.000000,0
VM1_FULLVM2_MBB,s032m010,YES,4114225623,1,1,2015-01-09 21:17:33.000000,0
VM1_FULLVM2_MBB,,YES,20535055615,0,544,2015-01-09 21:09:28.000000,0
VM1_FULLVM2_MBB,s032mw000165,YES,20535049708,1,1,2015-01-09 21:09:29.000000,0
VM1_FULLVM2_MBB,,YES,5230776495,0,292,2015-01-09 21:06:06.000000,0
VM1_FULLVM2_MBB,s032aw000801,YES,5230773360,1,1,2015-01-09 21:06:06.000000,0
VM1_FULLVM2_MBB,,YES,0,2,0,2015-01-09 20:56:58.000000,2
VM1_FULLVM2_MBB,s098a004,NO,0,1,0,2015-01-09 20:57:11.000000,1
VM1_FULLVM2_MBB,,YES,25403672105,0,358,2015-01-09 20:57:10.000000,0
VM1_FULLVM2_MBB,,YES,8812714624,0,488,2015-01-09 20:52:04.000000,0
VM1_FULLVM2_MBB,s032a007,YES,8812709333,1,1,2015-01-09 20:52:04.000000,0
VM1_FULLVM2_MBB,,YES,0,2,0,2015-01-09 20:48:27.000000,2
VM1_FULLVM2_MBB,s032aw000070,NO,0,1,0,2015-01-09 20:48:39.000000,1
VM1_FULLVM2_MBB,,YES,6392007018,0,122,2015-01-09 20:48:39.000000,0
VM1_FULLVM2_MBB,,YES,5066716950,0,362,2015-01-09 20:44:46.000000,0
VM1_FULLVM2_MBB,s032m068,YES,5066713045,1,1,2015-01-09 20:44:47.000000,0
VM1_FULLVM2_MBB,s098ml000537,NO,0,1,0,2015-01-09 20:44:22.000000,1
VM1_FULLVM2_MBB,,YES,0,2,0,2015-01-09 20:38:24.000000,2
VM1_FULLVM2_MBB,s032ml000540,NO,0,1,0,2015-01-09 20:38:36.000000,1
VM1_FULLVM2_MBB,,YES,16348630706,0,141,2015-01-09 20:38:36.000000,0
VM1_FULLVM2_MBB,,YES,4582167520,0,202,2015-01-09 20:34:26.000000,0
VM1_FULLVM2_MBB,s098m520,YES,4582165375,1,1,2015-01-09 20:34:26.000000,0
VM1_FULLVM2_MBB,,YES,10051568089,0,464,2015-01-09 20:27:49.000000,0
VM1_FULLVM2_MBB,s032a076,YES,10051563062,1,1,2015-01-09 20:27:50.000000,0
VM1_FULLVM2_MBB,,YES,0,2,0,2015-01-09 20:27:07.000000,4
VM1_FULLVM2_MBB,s098m534,NO,0,1,0,2015-01-09 20:27:22.000000,1
VM1_FULLVM2_MBB,s098m534,NO,0,1,0,2015-01-09 20:27:19.000000,1
VM1_FULLVM2_MBB,,YES,12147928681,0,568,2015-01-09 20:20:35.000000,0
VM1_FULLVM2_MBB,s032p002,YES,12147922510,1,1,2015-01-09 20:20:35.000000,0
VM1_FULLVM2_MBB,,YES,0,2,0,2015-01-09 20:18:30.000000,2
VM1_FULLVM2_MBB,s098a105,NO,0,1,0,2015-01-09 20:18:42.000000,1
VM1_FULLVM2_MBB,,YES,296372373,0,27,2015-01-09 20:18:42.000000,0
VM1_FULLVM2_MBB,,YES,0,2,0,2015-01-09 20:18:16.000000,2
VM1_FULLVM2_MBB,s032ml000010,NO,0,1,0,2015-01-09 17:10:27.000000,1
VM1_FULLVM2_MBB,,YES,706868227211,0,5439,2015-01-09 17:10:27.000000,0
VM1_FULLVM2_MBB,c032v0090000022,YES,3706176774,1,1,2015-01-11 18:01:52.000000,0
VM1_FULLVM2_MBB,,YES,3706183473,0,616,2015-01-11 18:01:51.000000,0
VM1_FULLVM2_MBB,c032v0090000025,YES,3008766099,1,1,2015-01-11 18:02:51.000000,0
VM1_FULLVM2_MBB,s03201310181156,YES,33897,1,1,2015-01-09 17:09:35.000000,0
VM1_FULLVM2_MBB,,YES,0,2,0,2015-01-09 16:53:55.000000,2
VM1_FULLVM2_MBB,s032a052,NO,0,1,0,2015-01-09 16:54:07.000000,1
VM1_FULLVM2_MBB,,YES,7810495449,0,328,2015-01-09 16:49:41.000000,0
VM1_FULLVM2_MBB,s032aw000032,YES,7810491918,1,1,2015-01-09 16:49:41.000000,0
VM1_FULLVM2_MBB,,YES,2480614597,0,381,2015-01-09 16:47:00.000000,0
VM1_FULLVM2_MBB,s098a007,YES,2480610505,1,1,2015-01-09 16:47:00.000000,0
VM1_FULLVM2_MBB,,YES,25784095600,0,394,2015-01-09 16:37:43.000000,0
VM1_FULLVM2_MBB,s098m532,YES,25784091343,1,1,2015-01-09 16:37:43.000000,0
VM1_FULLVM2_MBB,,YES,85946905733,0,1290,2015-01-09 16:11:02.000000,0
VM1_FULLVM2_MBB,s098b011,YES,85946891620,1,1,2015-01-09 16:11:02.000000,0
VM1_FULLVM2_MBB,,YES,0,2,0,2015-01-09 16:17:58.000000,2
VM1_FULLVM2_MBB,s032s010,NO,0,1,0,2015-01-09 16:18:10.000000,1
VM1_FULLVM2_MBB,,YES,2151443668,0,444,2015-01-09 16:08:26.000000,0
VM1_FULLVM2_MBB,s098a157,YES,2151438861,1,1,2015-01-09 16:08:26.000000,0
VM1_FULLVM2_MBB,,YES,18515377591,0,395,2015-01-09 16:02:31.000000,0
VM1_FULLVM2_MBB,s032ml000539,YES,18515373301,1,1,2015-01-09 16:02:31.000000,0
VM1_FULLVM2_MBB,,YES,17461644437,0,536,2015-01-09 15:55:00.000000,0
VM1_FULLVM2_MBB,s032m069,YES,17461638618,1,1,2015-01-09 15:55:01.000000,0
VM1_FULLVM2_MBB,,YES,28640332238,0,450,2015-01-09 15:38:48.000000,0
VM1_FULLVM2_MBB,s032bw000210,YES,28640327365,1,1,2015-01-09 15:38:48.000000,0
VM1_FULLVM2_MBB,s032ml000201,NO,0,1,0,2015-01-09 15:38:22.000000,1
VM1_FULLVM2_MBB,,YES,163049682192,0,2446,2015-01-09 14:54:06.000000,0
VM1_FULLVM2_MBB,s032a055,YES,163049673808,1,1,2015-01-09 14:53:41.000000,0
VM1_FULLVM2_MBB,,YES,18456,0,4,2015-01-09 14:53:41.000000,0
VM1_FULLVM2_MBB,,YES,18677240306,0,304,2015-01-09 14:48:22.000000,0
VM1_FULLVM2_MBB,s032pw000003,YES,18677237039,1,1,2015-01-09 14:48:23.000000,0
VM1_FULLVM2_MBB,,YES,4441587399,0,425,2015-01-09 14:44:34.000000,0
VM1_FULLVM2_MBB,s032g098,YES,4441582779,1,1,2015-01-09 14:44:34.000000,0
VM1_FULLVM2_MBB,,YES,3284259232,0,630,2015-01-09 14:40:22.000000,0
VM1_FULLVM2_MBB,s032a074,YES,3284252379,1,1,2015-01-09 14:40:22.000000,0
VM1_FULLVM2_MBB,,YES,10733432171,0,380,2015-01-09 14:34:11.000000,0
VM1_FULLVM2_MBB,s032a140,YES,10733428068,1,1,2015-01-09 14:34:11.000000,0
VM1_FULLVM2_MBB,,YES,14219867041,0,512,2015-01-09 14:27:41.000000,0
VM1_FULLVM2_MBB,s032aw000030,YES,14219861486,1,1,2015-01-09 14:27:42.000000,0
VM1_FULLVM2_MBB,,YES,82462806090,0,1242,2015-01-09 14:07:00.000000,0
VM1_FULLVM2_MBB,s098m900,YES,82462811708,1,1,2015-01-09 14:06:37.000000,0
VM1_FULLVM2_MBB,,YES,19214,0,4,2015-01-09 14:06:37.000000,0
VM1_FULLVM2_MBB,,YES,5677555994,0,1108,2015-01-09 14:01:30.000000,0
VM1_FULLVM2_MBB,s032t100,YES,5677543883,1,1,2015-01-09 14:01:30.000000,0
VM1_FULLVM2_MBB,,YES,65423157112,0,1206,2015-01-09 13:40:46.000000,0
VM1_FULLVM2_MBB,s032aw000033,YES,65423143923,1,1,2015-01-09 13:40:47.000000,0
VM1_FULLVM2_MBB,,YES,25103678574,0,524,2015-01-09 13:32:35.000000,0
VM1_FULLVM2_MBB,s032aw000072,YES,25103672887,1,1,2015-01-09 13:32:36.000000,0
VM1_FULLVM2_MBB,,YES,6457911602,0,196,2015-01-09 13:29:22.000000,0
VM1_FULLVM2_MBB,s032d206,YES,6457909523,1,1,2015-01-09 13:29:22.000000,0
VM1_FULLVM2_MBB,,YES,10368683399,0,446,2015-01-09 13:23:45.000000,0
VM1_FULLVM2_MBB,s032i150,YES,10368678570,1,1,2015-01-09 13:23:45.000000,0
VM1_FULLVM2_MBB,,YES,19623108381,0,616,2015-01-09 13:15:44.000000,0
VM1_FULLVM2_MBB,s032aw000901,YES,19623101682,1,1,2015-01-09 13:15:45.000000,0
VM1_FULLVM2_MBB,,YES,7578706632,0,346,2015-01-09 13:12:03.000000,0
VM1_FULLVM2_MBB,s032aw000071,YES,7578702903,1,1,2015-01-09 13:12:03.000000,0
VM1_FULLVM2_MBB,,YES,7977982384,0,518,2015-01-09 13:07:16.000000,0
VM1_FULLVM2_MBB,s032a090,YES,7977976763,1,1,2015-01-09 13:07:16.000000,0
VM1_FULLVM2_MBB,,YES,5012792211,0,889,2015-01-09 13:02:05.000000,0
VM1_FULLVM2_MBB,s032m112,YES,5012782487,1,1,2015-01-09 13:02:05.000000,0
VM1_FULLVM2_MBB,,YES,3008771379,0,485,2015-01-11 18:02:50.000000,0
VM1_FULLVM2_MBB,c032v0090000002,YES,2114816648,1,1,2015-01-11 18:05:08.000000,0
VM1_FULLVM2_MBB,,YES,2114820674,0,371,2015-01-11 18:05:07.000000,0
VM1_FULLVM2_MBB,,YES,4250051359,0,432,2015-01-09 12:57:34.000000,0
VM1_FULLVM2_MBB,s032aw000120,YES,4250046684,1,1,2015-01-09 12:57:34.000000,0
VM1_FULLVM2_MBB,,YES,9788567777,0,448,2015-01-09 12:52:32.000000,0
VM1_FULLVM2_MBB,s032a110,YES,9788562926,1,1,2015-01-09 12:52:33.000000,0
VM1_FULLVM2_MBB,,YES,7643980869,0,436,2015-01-09 12:48:02.000000,0
VM1_FULLVM2_MBB,s032m011,YES,7643976150,1,1,2015-01-09 12:48:03.000000,0
VM1_FULLVM2_MBB,,YES,107635217400,0,2048,2015-01-09 11:46:27.000000,0
VM1_FULLVM2_MBB,s032aw000035,YES,107635194949,1,1,2015-01-09 11:46:27.000000,0
VM1_FULLVM2_MBB,s0321304160332,NO,0,1,0,2015-01-09 11:46:02.000000,1
VM1_FULLVM2_MBB,,YES,0,2,0,2015-01-09 11:45:11.000000,2
VM1_FULLVM2_MBB,s032s010,NO,0,1,0,2015-01-09 11:45:23.000000,1
VM1_FULLVM2_MBB,,YES,0,2,0,2015-01-09 11:44:23.000000,2
VM1_FULLVM2_MBB,s032s021,NO,0,1,0,2015-01-09 11:44:35.000000,1
VM1_FULLVM2_MBB,,YES,0,2,0,2015-01-09 11:43:37.000000,2
VM1_FULLVM2_MBB,s032s011,NO,0,1,0,2015-01-09 11:43:49.000000,1
VM1_FULLVM2_MBB,s0321304160333,NO,0,1,0,2015-01-09 11:43:23.000000,1
VM1_FULLVM2_MBB,,YES,0,2,0,2015-01-09 11:41:50.000000,2
VM1_FULLVM2_MBB,s032t117,NO,0,1,0,2015-01-09 11:42:02.000000,1
VM1_FULLVM2_MBB,,YES,37359915614,0,1309,2015-01-09 11:25:55.000000,0
VM1_FULLVM2_MBB,s032t111,YES,37359901270,1,1,2015-01-09 11:25:55.000000,0
VM1_FULLVM2_MBB,,YES,106363624748,0,1595,2015-01-09 10:59:29.000000,0
VM1_FULLVM2_MBB,s032t110,YES,106363624857,1,1,2015-01-09 10:58:52.000000,0
VM1_FULLVM2_MBB,,YES,17610,0,4,2015-01-09 10:58:51.000000,0
VM1_FULLVM2_MBB,c032v0090000040,YES,1658958405,1,1,2015-01-11 18:05:24.000000,0
VM1_FULLVM2_MBB,,YES,1658964279,0,539,2015-01-11 18:05:24.000000,0
VM1_FULLVM2_MBB,c032v0090000028,YES,3742782082,1,1,2015-01-11 18:04:28.000000,0
VM1_FULLVM2_MBB,,YES,3742787538,0,501,2015-01-11 18:04:28.000000,0
VM1_FULLVM2_MBB,c032v0090000021,YES,201774145,1,1,2015-01-11 18:06:48.000000,0
VM1_FULLVM2_MBB,,YES,201775399,0,119,2015-01-11 18:06:47.000000,0
VM1_FULLVM2_MBB,c032v0090000038,YES,1705316282,1,1,2015-01-11 18:07:05.000000,0
VM1_FULLVM2_MBB,,YES,1705322046,0,529,2015-01-11 18:07:04.000000,0
VM1_FULLVM2_MBB,c032v0090000032,YES,3996498064,1,1,2015-01-11 18:08:36.000000,0
VM1_FULLVM2_MBB,,YES,3996503586,0,507,2015-01-11 18:08:35.000000,0
VM1_FULLVM2_MBB,c032v0090000031,YES,2797187575,1,1,2015-01-11 18:13:48.000000,0
VM1_FULLVM2_MBB,,YES,2797191271,0,341,2015-01-11 18:13:48.000000,0
VM1_FULLVM2_MBB,c032v0090000026,YES,16725,1,1,2015-01-11 18:15:49.000000,0
VM1_FULLVM2_MBB,,YES,16736,0,6,2015-01-11 18:15:49.000000,0
VM1_FULLVM2_MBB,c032v0090000027,YES,297411016,1,1,2015-01-11 18:16:05.000000,0
VM1_FULLVM2_MBB,,YES,297413810,0,259,2015-01-11 18:16:05.000000,0
VM1_FULLVM2_MBB,c032v0090000011,YES,17087,1,1,2015-01-11 18:16:45.000000,0
VM1_FULLVM2_MBB,,YES,17098,0,6,2015-01-11 18:16:44.000000,0
VM1_FULLVM2_MBB,c032v0090000044,YES,1725644583,1,1,2015-01-11 18:15:49.000000,0
VM1_FULLVM2_MBB,,YES,1725652349,0,711,2015-01-11 18:15:49.000000,0
VM1_FULLVM2_MBB,c032v0090000045,YES,1504035096,1,1,2015-01-11 18:16:57.000000,0
VM1_FULLVM2_MBB,,YES,1504041124,0,553,2015-01-11 18:16:57.000000,0
VM1_FULLVM2_MBB,c032v0090000023,YES,1881970747,1,1,2015-01-11 18:17:15.000000,0
VM1_FULLVM2_MBB,,YES,1881976599,0,537,2015-01-11 18:17:15.000000,0
VM1_FULLVM2_MBB,c032v0090000012,YES,1960863175,1,1,2015-01-11 18:18:14.000000,0
VM1_FULLVM2_MBB,,YES,1960868169,0,459,2015-01-11 18:18:14.000000,0
VM1_FULLVM2_MBB,c032v0090000041,YES,3030292368,1,1,2015-01-11 18:18:48.000000,0
VM1_FULLVM2_MBB,,YES,3030296548,0,385,2015-01-11 18:18:47.000000,0
VM1_FULLVM2_MBB,c032v0090000042,YES,3197365151,1,1,2015-01-11 18:19:46.000000,0
VM1_FULLVM2_MBB,,YES,3197369551,0,405,2015-01-11 18:19:45.000000,0
VM1_FULLVM2_MBB,c032v0090000003,YES,2102085287,1,1,2015-01-11 18:22:04.000000,0
VM1_FULLVM2_MBB,,YES,2102089599,0,397,2015-01-11 18:22:03.000000,0
VM1_FULLVM2_MBB,s032t117,YES,25761957602,1,1,2015-01-12 14:53:11.000000,0
VM1_FULLVM2_MBB,,YES,25761969702,0,1105,2015-01-12 14:53:11.000000,0
VM1_FULLVM2_MBB,s0321304160333,YES,12891394047,1,1,2015-01-12 15:19:18.000000,0
VM1_FULLVM2_MBB,,YES,12891396324,0,214,2015-01-12 15:19:18.000000,0
VM1_FULLVM2_MBB,s032s011,NO,0,1,0,2015-01-12 15:30:37.000000,1
VM1_FULLVM2_MBB,,YES,0,2,0,2015-01-12 15:30:24.000000,2
VM1_FULLVM2_MBB,s032s021,NO,0,1,0,2015-01-12 15:31:23.000000,1
VM1_FULLVM2_MBB,,YES,0,2,0,2015-01-12 15:31:11.000000,2
VM1_FULLVM2_MBB,s032s010,NO,0,1,0,2015-01-12 15:32:07.000000,1
VM1_FULLVM2_MBB,,YES,0,2,0,2015-01-12 15:31:55.000000,2
VM1_FULLVM2_MBB,,YES,17044,0,4,2015-02-01 16:00:49.000000,0
VM1_FULLVM2_MBB,s032t001,YES,15937340205,1,1,2015-02-01 16:00:49.000000,0
VM1_FULLVM2_MBB,,YES,15937325988,0,261,2015-02-01 16:01:06.000000,0
VM1_FULLVM2_MBB,,YES,18537,0,4,2015-02-01 16:12:49.000000,0
VM1_FULLVM2_MBB,s032t003,YES,62855208690,1,1,2015-02-01 16:12:50.000000,0
VM1_FULLVM2_MBB,,YES,62855200559,0,952,2015-02-01 16:13:23.000000,0
VM1_FULLVM2_MBB,,YES,18505,0,4,2015-02-01 17:00:42.000000,0
VM1_FULLVM2_MBB,s032t004,YES,65820340402,1,1,2015-02-01 17:00:43.000000,0
VM1_FULLVM2_MBB,,YES,65820332853,0,1002,2015-02-01 17:01:13.000000,0
VM1_FULLVM2_MBB,,YES,17935,0,4,2015-02-01 17:39:28.000000,0
VM1_FULLVM2_MBB,s032t052,YES,21486835235,1,1,2015-02-01 17:39:28.000000,0
VM1_FULLVM2_MBB,,YES,21486820875,0,329,2015-02-01 17:39:56.000000,0
VM1_FULLVM2_MBB,,YES,17933,0,4,2015-02-01 17:54:02.000000,0
VM1_FULLVM2_MBB,s032t053,YES,21486758943,1,1,2015-02-01 17:54:03.000000,0
VM1_FULLVM2_MBB,,YES,21486744563,0,327,2015-02-01 17:54:19.000000,0
VM1_FULLVM2_MBB,,YES,16786,0,4,2015-02-01 18:07:03.000000,0
VM1_FULLVM2_MBB,s032t097,YES,40279763241,1,1,2015-02-01 18:07:04.000000,0
VM1_FULLVM2_MBB,,YES,40279753242,0,621,2015-02-01 18:07:29.000000,0
VM1_FULLVM2_MBB,c032v0090000004,YES,184396648,1,1,2015-02-01 18:33:03.000000,0
VM1_FULLVM2_MBB,,YES,184398540,0,177,2015-02-01 18:33:03.000000,0
VM1_FULLVM2_MBB,c032v0090000033,YES,1327229839,1,1,2015-02-01 18:32:59.000000,0
VM1_FULLVM2_MBB,,YES,1327235559,0,525,2015-02-01 18:32:59.000000,0
VM1_FULLVM2_MBB,c032v0090000012,YES,1758047175,1,1,2015-02-01 18:32:57.000000,0
VM1_FULLVM2_MBB,,YES,1758051883,0,433,2015-02-01 18:32:56.000000,0
VM1_FULLVM2_MBB,c032v0090000029,YES,1532654223,1,1,2015-02-01 18:33:07.000000,0
VM1_FULLVM2_MBB,,YES,1532660031,0,533,2015-02-01 18:33:07.000000,0
VM1_FULLVM2_MBB,c032v0090000011,YES,17087,1,1,2015-02-01 18:34:38.000000,0
VM1_FULLVM2_MBB,,YES,17098,0,6,2015-02-01 18:34:38.000000,0
VM1_FULLVM2_MBB,c032v0090000026,YES,16725,1,1,2015-02-01 18:34:56.000000,0
VM1_FULLVM2_MBB,,YES,16736,0,6,2015-02-01 18:34:56.000000,0
VM1_FULLVM2_MBB,c032v0090000002,YES,1978785928,1,1,2015-02-01 18:33:46.000000,0
VM1_FULLVM2_MBB,,YES,1978789844,0,361,2015-02-01 18:33:45.000000,0
VM1_FULLVM2_MBB,c032v0090000021,YES,125442113,1,1,2015-02-01 18:35:29.000000,0
VM1_FULLVM2_MBB,,YES,125443411,0,123,2015-02-01 18:35:28.000000,0
VM1_FULLVM2_MBB,c032v0090000007,YES,2030619192,1,1,2015-02-01 18:34:29.000000,0
VM1_FULLVM2_MBB,,YES,2030624912,0,525,2015-02-01 18:34:28.000000,0
VM1_FULLVM2_MBB,c032v0090000024,YES,1995876423,1,1,2015-02-01 18:34:42.000000,0
VM1_FULLVM2_MBB,,YES,1995885267,0,809,2015-02-01 18:34:42.000000,0
VM1_FULLVM2_MBB,,YES,6631760319,0,717,2015-01-11 18:07:09.000000,0
VM1_FULLVM2_MBB,c032v0090000046,YES,6631752487,1,1,2015-01-11 18:07:10.000000,0
VM1_FULLVM2_MBB,,YES,2461065836,0,435,2015-01-11 18:11:50.000000,0
VM1_FULLVM2_MBB,c032v0090000008,YES,2461061106,1,1,2015-01-11 18:11:51.000000,0
VM1_FULLVM2_MBB,,YES,1894308006,0,463,2015-01-11 18:11:29.000000,0
VM1_FULLVM2_MBB,c032v0090000043,YES,1894302968,1,1,2015-01-11 18:11:29.000000,0
VM1_FULLVM2_MBB,,YES,3976510288,0,491,2015-01-11 18:13:04.000000,0
VM1_FULLVM2_MBB,c032v0090000030,YES,3976504942,1,1,2015-01-11 18:13:05.000000,0
VM1_FULLVM2_MBB,,YES,12884580580,0,214,2015-01-12 15:32:49.000000,0
VM1_FULLVM2_MBB,s0321304160332,YES,12884578303,1,1,2015-01-12 15:32:50.000000,0
VM1_FULLVM2_MBB,c032v0090000040,YES,1546674245,1,1,2015-02-01 18:35:09.000000,0
VM1_FULLVM2_MBB,,YES,1546679569,0,489,2015-02-01 18:35:09.000000,0
VM1_FULLVM2_MBB,c032v0090000022,YES,2133139206,1,1,2015-02-01 18:35:54.000000,0
VM1_FULLVM2_MBB,,YES,2133142319,0,290,2015-02-01 18:35:54.000000,0
VM1_FULLVM2_MBB,c032v0090000028,YES,2120142978,1,1,2015-02-01 18:36:30.000000,0
VM1_FULLVM2_MBB,,YES,2120147356,0,403,2015-02-01 18:36:30.000000,0
VM1_FULLVM2_MBB,c032v0090000038,YES,1507673530,1,1,2015-02-01 18:36:58.000000,0
VM1_FULLVM2_MBB,,YES,1507678832,0,487,2015-02-01 18:36:57.000000,0
VM1_FULLVM2_MBB,c032v0090000039,YES,1640340023,1,1,2015-02-01 18:38:23.000000,0
VM1_FULLVM2_MBB,,YES,1640345545,0,507,2015-02-01 18:38:22.000000,0
VM1_FULLVM2_MBB,c032v0090000008,YES,2092364274,1,1,2015-02-01 18:38:16.000000,0
VM1_FULLVM2_MBB,,YES,2092369026,0,437,2015-02-01 18:38:16.000000,0
VM1_FULLVM2_MBB,c032v0090000032,YES,2287088272,1,1,2015-02-01 18:39:55.000000,0
VM1_FULLVM2_MBB,,YES,2287093376,0,469,2015-02-01 18:39:54.000000,0
VM1_FULLVM2_MBB,c032v0090000046,YES,3649495335,1,1,2015-02-01 18:39:57.000000,0
VM1_FULLVM2_MBB,,YES,3649501737,0,587,2015-02-01 18:39:56.000000,0
VM1_FULLVM2_MBB,c032v0090000044,YES,1470737191,1,1,2015-02-01 18:44:38.000000,0
VM1_FULLVM2_MBB,,YES,1470744033,0,627,2015-02-01 18:44:37.000000,0
VM1_FULLVM2_MBB,c032v0090000043,YES,1698324728,1,1,2015-02-01 18:45:24.000000,0
VM1_FULLVM2_MBB,,YES,1698329370,0,427,2015-02-01 18:45:23.000000,0
VM1_FULLVM2_MBB,c032v0090000027,YES,237327816,1,1,2015-02-01 18:46:49.000000,0
VM1_FULLVM2_MBB,,YES,237330478,0,247,2015-02-01 18:46:48.000000,0
VM1_FULLVM2_MBB,c032v0090000045,YES,1454749463,1,1,2015-02-01 18:47:26.000000,0
VM1_FULLVM2_MBB,,YES,1454754325,0,447,2015-02-01 18:47:26.000000,0
VM1_FULLVM2_MBB,c032v0090000023,YES,6125559866,1,1,2015-02-01 18:45:54.000000,0
VM1_FULLVM2_MBB,,YES,6125567214,0,673,2015-02-01 18:45:53.000000,0
VM1_FULLVM2_MBB,c032v0090000042,YES,2287966623,1,1,2015-02-01 18:48:49.000000,0
VM1_FULLVM2_MBB,,YES,2287970473,0,355,2015-02-01 18:48:48.000000,0
VM1_FULLVM2_MBB,c032v0090000041,YES,2178110864,1,1,2015-02-01 18:50:12.000000,0
VM1_FULLVM2_MBB,,YES,2178114670,0,351,2015-02-01 18:50:11.000000,0
VM1_FULLVM2_MBB,c032v0090000025,YES,2209572499,1,1,2015-02-01 18:41:43.000000,0
VM1_FULLVM2_MBB,,YES,2209577493,0,459,2015-02-01 18:41:43.000000,0
VM1_FULLVM2_MBB,c032v0090000031,YES,2363335671,1,1,2015-02-01 18:42:48.000000,0
VM1_FULLVM2_MBB,,YES,2363338861,0,295,2015-02-01 18:42:48.000000,0
VM1_FULLVM2_MBB,c032v0090000030,YES,2557887086,1,1,2015-02-01 18:43:26.000000,0
VM1_FULLVM2_MBB,,YES,2557892036,0,455,2015-02-01 18:43:26.000000,0
